{
  "pipelineConfig" : {
    "schemaVersion" : 6,
    "version" : 18,
    "pipelineId" : "NYCTaxiR7257e5e2-9b88-4a02-b4e0-2ebf56a9afee",
    "title" : "NYC Taxi Ride Payment Type (with Jython)",
    "description" : "https://streamsets.com/documentation/datacollector/latest/help/datacollector/UserGuide/Tutorial/Tutorial-title.html",
    "uuid" : "d83b52cb-4f23-4d06-b450-ebc24ef29615",
    "configuration" : [ {
      "name" : "executionMode",
      "value" : "STANDALONE"
    }, {
      "name" : "deliveryGuarantee",
      "value" : "AT_LEAST_ONCE"
    }, {
      "name" : "constants",
      "value" : [ {
        "key" : "folder_path",
        "value" : "/opt/streamsets-datacollector/resources"
      } ]
    }, {
      "name" : "clusterSlaveMemory",
      "value" : 1024
    }, {
      "name" : "clusterSlaveJavaOpts",
      "value" : "-XX:PermSize=128M -XX:MaxPermSize=256M -Dlog4j.debug"
    }, {
      "name" : "clusterLauncherEnv",
      "value" : [ ]
    }, {
      "name" : "executionMode",
      "value" : "STANDALONE"
    }, {
      "name" : "shouldRetry",
      "value" : false
    }, {
      "name" : "retryAttempts",
      "value" : 3
    }, {
      "name" : "notifyOnStates",
      "value" : [ "RUN_ERROR", "STOPPED", "FINISHED" ]
    }, {
      "name" : "emailIDs",
      "value" : [ ]
    }, {
      "name" : "mesosDispatcherURL",
      "value" : null
    }, {
      "name" : "hdfsS3ConfDir",
      "value" : null
    }, {
      "name" : "rateLimit",
      "value" : 0
    }, {
      "name" : "maxRunners",
      "value" : 0
    }, {
      "name" : "webhookConfigs",
      "value" : [ {
        "payload" : "{\n  \"text\" : \"Pipeline '{{PIPELINE_TITLE}}' state changed to {{PIPELINE_STATE}} at {{TIME}}. \\n <{{PIPELINE_URL}}|Click here> for details!\"\n}",
        "headers" : [ ],
        "httpMethod" : "POST",
        "contentType" : "application/json",
        "authType" : "NONE"
      } ]
    }, {
      "name" : "webhookConfigs",
      "value" : [ ]
    }, {
      "name" : "workerCount",
      "value" : 0
    }, {
      "name" : "errorRecordPolicy",
      "value" : "ORIGINAL_RECORD"
    }, {
      "name" : "sparkConfigs",
      "value" : [ ]
    }, {
      "name" : "shouldCreateFailureSnapshot",
      "value" : true
    }, {
      "name" : "runnerIdleTIme",
      "value" : 60
    }, {
      "name" : "edgeHttpUrl",
      "value" : "http://localhost:18633"
    }, {
      "name" : "logLevel",
      "value" : "INFO"
    }, {
      "name" : "amazonEMRConfig.userRegion",
      "value" : null
    }, {
      "name" : "amazonEMRConfig.userRegionCustom",
      "value" : null
    }, {
      "name" : "amazonEMRConfig.s3StagingUri",
      "value" : null
    }, {
      "name" : "amazonEMRConfig.clusterPrefix",
      "value" : null
    }, {
      "name" : "amazonEMRConfig.clusterId",
      "value" : null
    }, {
      "name" : "amazonEMRConfig.terminateCluster",
      "value" : false
    }, {
      "name" : "amazonEMRConfig.enableEMRDebugging",
      "value" : true
    }, {
      "name" : "amazonEMRConfig.s3LogUri",
      "value" : null
    }, {
      "name" : "amazonEMRConfig.serviceRole",
      "value" : "EMR_DefaultRole"
    }, {
      "name" : "amazonEMRConfig.jobFlowRole",
      "value" : "EMR_EC2_DefaultRole"
    }, {
      "name" : "amazonEMRConfig.visibleToAllUsers",
      "value" : true
    }, {
      "name" : "amazonEMRConfig.loggingEnabled",
      "value" : true
    }, {
      "name" : "amazonEMRConfig.ec2SubnetId",
      "value" : null
    }, {
      "name" : "amazonEMRConfig.masterSecurityGroup",
      "value" : null
    }, {
      "name" : "amazonEMRConfig.slaveSecurityGroup",
      "value" : null
    }, {
      "name" : "amazonEMRConfig.instanceCount",
      "value" : 2
    }, {
      "name" : "amazonEMRConfig.masterInstanceType",
      "value" : null
    }, {
      "name" : "amazonEMRConfig.slaveInstanceType",
      "value" : null
    }, {
      "name" : "amazonEMRConfig.masterInstanceTypeCustom",
      "value" : null
    }, {
      "name" : "amazonEMRConfig.slaveInstanceTypeCustom",
      "value" : null
    }, {
      "name" : "amazonEMRConfig.accessKey",
      "value" : null
    }, {
      "name" : "amazonEMRConfig.secretKey",
      "value" : null
    }, {
      "name" : "amazonEMRConfig.provisionNewCluster",
      "value" : false
    }, {
      "name" : "clusterConfig.clusterType",
      "value" : "LOCAL"
    }, {
      "name" : "clusterConfig.sparkMasterUrl",
      "value" : "local[*]"
    }, {
      "name" : "clusterConfig.deployMode",
      "value" : "CLIENT"
    }, {
      "name" : "clusterConfig.hadoopUserName",
      "value" : "hdfs"
    }, {
      "name" : "clusterConfig.stagingDir",
      "value" : "/streamsets"
    }, {
      "name" : "databricksConfig.baseUrl",
      "value" : null
    }, {
      "name" : "databricksConfig.credentialType",
      "value" : null
    }, {
      "name" : "databricksConfig.username",
      "value" : null
    }, {
      "name" : "databricksConfig.password",
      "value" : null
    }, {
      "name" : "databricksConfig.token",
      "value" : null
    }, {
      "name" : "databricksConfig.clusterConfig",
      "value" : "{\n    \"num_workers\": 8,\n    \"spark_version\": \"5.3.x-scala2.11\",\n    \"node_type_id\": \"i3.xlarge\"\n}"
    }, {
      "name" : "livyConfig.baseUrl",
      "value" : null
    }, {
      "name" : "livyConfig.username",
      "value" : null
    }, {
      "name" : "livyConfig.password",
      "value" : null
    }, {
      "name" : "databricksConfig.provisionNewCluster",
      "value" : true
    }, {
      "name" : "databricksConfig.clusterId",
      "value" : null
    }, {
      "name" : "databricksConfig.terminateCluster",
      "value" : false
    }, {
      "name" : "ludicrousMode",
      "value" : false
    }, {
      "name" : "ludicrousModeInputCount",
      "value" : false
    }, {
      "name" : "advancedErrorHandling",
      "value" : false
    }, {
      "name" : "triggerInterval",
      "value" : 2000
    }, {
      "name" : "preprocessScript",
      "value" : ""
    }, {
      "name" : "transformerEMRConfig.userRegion",
      "value" : null
    }, {
      "name" : "transformerEMRConfig.userRegionCustom",
      "value" : null
    }, {
      "name" : "transformerEMRConfig.s3StagingUri",
      "value" : null
    }, {
      "name" : "transformerEMRConfig.clusterPrefix",
      "value" : null
    }, {
      "name" : "transformerEMRConfig.clusterId",
      "value" : null
    }, {
      "name" : "transformerEMRConfig.terminateCluster",
      "value" : false
    }, {
      "name" : "transformerEMRConfig.s3LogUri",
      "value" : null
    }, {
      "name" : "transformerEMRConfig.serviceRole",
      "value" : "EMR_DefaultRole"
    }, {
      "name" : "transformerEMRConfig.jobFlowRole",
      "value" : "EMR_EC2_DefaultRole"
    }, {
      "name" : "transformerEMRConfig.visibleToAllUsers",
      "value" : true
    }, {
      "name" : "transformerEMRConfig.loggingEnabled",
      "value" : true
    }, {
      "name" : "transformerEMRConfig.ec2SubnetId",
      "value" : null
    }, {
      "name" : "transformerEMRConfig.masterSecurityGroup",
      "value" : null
    }, {
      "name" : "transformerEMRConfig.slaveSecurityGroup",
      "value" : null
    }, {
      "name" : "transformerEMRConfig.instanceCount",
      "value" : 2
    }, {
      "name" : "transformerEMRConfig.masterInstanceType",
      "value" : null
    }, {
      "name" : "transformerEMRConfig.slaveInstanceType",
      "value" : null
    }, {
      "name" : "transformerEMRConfig.masterInstanceTypeCustom",
      "value" : null
    }, {
      "name" : "transformerEMRConfig.slaveInstanceTypeCustom",
      "value" : null
    }, {
      "name" : "transformerEMRConfig.accessKey",
      "value" : null
    }, {
      "name" : "transformerEMRConfig.secretKey",
      "value" : null
    }, {
      "name" : "transformerEMRConfig.provisionNewCluster",
      "value" : false
    }, {
      "name" : "transformerEMRConfig.useIAMRoles",
      "value" : false
    }, {
      "name" : "clusterConfig.callbackUrl",
      "value" : null
    }, {
      "name" : "googleCloudConfig.region",
      "value" : null
    }, {
      "name" : "googleCloudConfig.customRegion",
      "value" : null
    }, {
      "name" : "googleCloudConfig.gcsStagingUri",
      "value" : null
    }, {
      "name" : "googleCloudConfig.create",
      "value" : false
    }, {
      "name" : "googleCloudConfig.clusterPrefix",
      "value" : null
    }, {
      "name" : "googleCloudConfig.version",
      "value" : "1.4-ubuntu18"
    }, {
      "name" : "googleCloudConfig.masterType",
      "value" : null
    }, {
      "name" : "googleCloudConfig.workerType",
      "value" : null
    }, {
      "name" : "googleCloudConfig.networkType",
      "value" : null
    }, {
      "name" : "googleCloudConfig.network",
      "value" : null
    }, {
      "name" : "googleCloudConfig.subnet",
      "value" : null
    }, {
      "name" : "googleCloudConfig.tags",
      "value" : [ ]
    }, {
      "name" : "googleCloudConfig.workerCount",
      "value" : 2
    }, {
      "name" : "googleCloudConfig.clusterName",
      "value" : null
    }, {
      "name" : "googleCloudConfig.terminate",
      "value" : false
    }, {
      "name" : "googleCloudCredentialsConfig.projectId",
      "value" : null
    }, {
      "name" : "googleCloudCredentialsConfig.credentialsProvider",
      "value" : null
    }, {
      "name" : "googleCloudCredentialsConfig.path",
      "value" : null
    }, {
      "name" : "googleCloudCredentialsConfig.credentialsFileContent",
      "value" : null
    }, {
      "name" : "badRecordsHandling",
      "value" : "streamsets-datacollector-basic-lib::com_streamsets_pipeline_stage_destination_devnull_ToErrorNullDTarget::1"
    }, {
      "name" : "statsAggregatorStage",
      "value" : "streamsets-datacollector-basic-lib::com_streamsets_pipeline_stage_destination_devnull_StatsDpmDirectlyDTarget::1"
    }, {
      "name" : "startEventStage",
      "value" : "streamsets-datacollector-basic-lib::com_streamsets_pipeline_stage_destination_devnull_ToErrorNullDTarget::1"
    }, {
      "name" : "stopEventStage",
      "value" : "streamsets-datacollector-basic-lib::com_streamsets_pipeline_stage_destination_devnull_ToErrorNullDTarget::1"
    }, {
      "name" : "testOriginStage",
      "value" : "streamsets-datacollector-dev-lib::com_streamsets_pipeline_stage_devtest_rawdata_RawDataDSource::3"
    }, {
      "name" : "clusterConfig.sparkAppName",
      "value" : "${pipeline:title()}"
    }, {
      "name" : "clusterConfig.useYarnKerberosKeytab",
      "value" : false
    }, {
      "name" : "clusterConfig.yarnKerberosKeytabSource",
      "value" : "PROPERTIES_FILE"
    }, {
      "name" : "clusterConfig.yarnKerberosKeytab",
      "value" : null
    }, {
      "name" : "clusterConfig.yarnKerberosPrincipal",
      "value" : "name@DOMAIN"
    }, {
      "name" : "transformerEMRConfig.emrVersion",
      "value" : null
    } ],
    "uiInfo" : {
      "previewConfig" : {
        "previewSource" : "CONFIGURED_SOURCE",
        "batchSize" : 10,
        "timeout" : 10000,
        "writeToDestinations" : false,
        "rememberMe" : false,
        "showHeader" : true,
        "showFieldType" : true,
        "executeLifecycleEvents" : false
      }
    },
    "fragments" : [ ],
    "stages" : [ {
      "instanceName" : "0ffa8639d95bd3344ba4008ad1af3c530b974b5c",
      "library" : "streamsets-datacollector-basic-lib",
      "stageName" : "com_streamsets_pipeline_stage_origin_spooldir_SpoolDirDSource",
      "stageVersion" : "11",
      "configuration" : [ {
        "name" : "stageOnRecordError",
        "value" : "TO_ERROR"
      }, {
        "name" : "conf.dataFormat",
        "value" : "DELIMITED"
      }, {
        "name" : "conf.dataFormatConfig.charset",
        "value" : "UTF-8"
      }, {
        "name" : "conf.dataFormatConfig.removeCtrlChars",
        "value" : false
      }, {
        "name" : "conf.spoolDir",
        "value" : "${folder_path}"
      }, {
        "name" : "conf.overrunLimit",
        "value" : 128
      }, {
        "name" : "conf.batchSize",
        "value" : 1000
      }, {
        "name" : "conf.poolingTimeoutSecs",
        "value" : 600
      }, {
        "name" : "conf.filePattern",
        "value" : "nyc_taxi_data.csv"
      }, {
        "name" : "conf.maxSpoolFiles",
        "value" : 10
      }, {
        "name" : "conf.initialFileToProcess",
        "value" : null
      }, {
        "name" : "conf.dataFormatConfig.compression",
        "value" : "NONE"
      }, {
        "name" : "conf.errorArchiveDir",
        "value" : null
      }, {
        "name" : "conf.postProcessing",
        "value" : "NONE"
      }, {
        "name" : "conf.archiveDir",
        "value" : "/mapr/my.cluster.com/hive_archive/"
      }, {
        "name" : "conf.retentionTimeMins",
        "value" : 0
      }, {
        "name" : "conf.dataFormatConfig.csvFileFormat",
        "value" : "CSV"
      }, {
        "name" : "conf.dataFormatConfig.csvHeader",
        "value" : "WITH_HEADER"
      }, {
        "name" : "conf.dataFormatConfig.csvMaxObjectLen",
        "value" : 4096
      }, {
        "name" : "conf.dataFormatConfig.csvCustomDelimiter",
        "value" : "|"
      }, {
        "name" : "conf.dataFormatConfig.csvCustomEscape",
        "value" : "\\"
      }, {
        "name" : "conf.dataFormatConfig.csvCustomQuote",
        "value" : "\""
      }, {
        "name" : "conf.dataFormatConfig.jsonContent",
        "value" : "MULTIPLE_OBJECTS"
      }, {
        "name" : "conf.dataFormatConfig.jsonMaxObjectLen",
        "value" : 4096
      }, {
        "name" : "conf.dataFormatConfig.textMaxLineLen",
        "value" : 1024
      }, {
        "name" : "conf.dataFormatConfig.xmlRecordElement",
        "value" : null
      }, {
        "name" : "conf.dataFormatConfig.xmlMaxObjectLen",
        "value" : 4096
      }, {
        "name" : "conf.dataFormatConfig.logMode",
        "value" : "GROK"
      }, {
        "name" : "conf.dataFormatConfig.logMaxObjectLen",
        "value" : 1024
      }, {
        "name" : "conf.dataFormatConfig.retainOriginalLine",
        "value" : false
      }, {
        "name" : "conf.dataFormatConfig.customLogFormat",
        "value" : "%h %l %u %t \"%r\" %>s %b"
      }, {
        "name" : "conf.dataFormatConfig.regex",
        "value" : "^(\\S+) (\\S+) (\\S+) \\[([\\w:/]+\\s[+\\-]\\d{4})\\] \"(\\S+) (\\S+) (\\S+)\" (\\d{3}) (\\d+)"
      }, {
        "name" : "conf.dataFormatConfig.fieldPathsToGroupName",
        "value" : [ {
          "fieldPath" : "/",
          "group" : 1
        } ]
      }, {
        "name" : "conf.dataFormatConfig.grokPatternDefinition",
        "value" : null
      }, {
        "name" : "conf.dataFormatConfig.grokPattern",
        "value" : "%{COMMONAPACHELOG}"
      }, {
        "name" : "conf.dataFormatConfig.onParseError",
        "value" : "ERROR"
      }, {
        "name" : "conf.dataFormatConfig.maxStackTraceLines",
        "value" : 50
      }, {
        "name" : "conf.dataFormatConfig.enableLog4jCustomLogFormat",
        "value" : false
      }, {
        "name" : "conf.dataFormatConfig.log4jCustomLogFormat",
        "value" : "%r [%t] %-5p %c %x - %m%n"
      }, {
        "name" : "conf.dataFormatConfig.avroSchema",
        "value" : null
      }, {
        "name" : "conf.dataFormatConfig.csvRecordType",
        "value" : "LIST_MAP"
      }, {
        "name" : "conf.dataFormatConfig.filePatternInArchive",
        "value" : "*"
      }, {
        "name" : "conf.dataFormatConfig.csvSkipStartLines",
        "value" : 0
      }, {
        "name" : "conf.dataFormatConfig.protoDescriptorFile",
        "value" : null
      }, {
        "name" : "conf.dataFormatConfig.messageType",
        "value" : null
      }, {
        "name" : "conf.dataFormatConfig.isDelimited",
        "value" : true
      }, {
        "name" : "conf.dataFormatConfig.binaryMaxObjectLen",
        "value" : 1024
      }, {
        "name" : "conf.allowLateDirectory",
        "value" : false
      }, {
        "name" : "conf.useLastModified",
        "value" : "TIMESTAMP"
      }, {
        "name" : "conf.dataFormatConfig.avroSchemaSource",
        "value" : "SOURCE"
      }, {
        "name" : "conf.dataFormatConfig.schemaRegistryUrls",
        "value" : [ ]
      }, {
        "name" : "conf.dataFormatConfig.schemaLookupMode",
        "value" : "AUTO"
      }, {
        "name" : "conf.dataFormatConfig.subject",
        "value" : ""
      }, {
        "name" : "conf.dataFormatConfig.schemaId",
        "value" : 0
      }, {
        "name" : "conf.dataFormatConfig.useCustomDelimiter",
        "value" : false
      }, {
        "name" : "conf.dataFormatConfig.customDelimiter",
        "value" : "\\r\\n"
      }, {
        "name" : "conf.dataFormatConfig.includeCustomDelimiterInTheText",
        "value" : false
      }, {
        "name" : "conf.dataFormatConfig.parseNull",
        "value" : false
      }, {
        "name" : "conf.dataFormatConfig.nullConstant",
        "value" : "\\\\N"
      }, {
        "name" : "conf.dataFormatConfig.datagramMode",
        "value" : "SYSLOG"
      }, {
        "name" : "conf.dataFormatConfig.typesDbPath",
        "value" : null
      }, {
        "name" : "conf.dataFormatConfig.convertTime",
        "value" : false
      }, {
        "name" : "conf.dataFormatConfig.excludeInterval",
        "value" : true
      }, {
        "name" : "conf.dataFormatConfig.authFilePath",
        "value" : null
      }, {
        "name" : "conf.dataFormatConfig.wholeFileMaxObjectLen",
        "value" : 8192
      }, {
        "name" : "conf.dataFormatConfig.xPathNamespaceContext",
        "value" : [ ]
      }, {
        "name" : "conf.processSubdirectories",
        "value" : false
      }, {
        "name" : "conf.pathMatcherMode",
        "value" : "GLOB"
      }, {
        "name" : "conf.dataFormatConfig.rateLimit",
        "value" : "-1"
      }, {
        "name" : "conf.dataFormatConfig.csvEnableComments",
        "value" : false
      }, {
        "name" : "conf.dataFormatConfig.csvCommentMarker",
        "value" : "#"
      }, {
        "name" : "conf.dataFormatConfig.csvIgnoreEmptyLines",
        "value" : true
      }, {
        "name" : "conf.dataFormatConfig.includeFieldXpathAttributes",
        "value" : false
      }, {
        "name" : "conf.dataFormatConfig.outputFieldAttributes",
        "value" : false
      }, {
        "name" : "conf.dataFormatConfig.csvAllowExtraColumns",
        "value" : false
      }, {
        "name" : "conf.dataFormatConfig.csvExtraColumnPrefix",
        "value" : "_extra_"
      }, {
        "name" : "conf.dataFormatConfig.netflowOutputValuesMode",
        "value" : "RAW_AND_INTERPRETED"
      }, {
        "name" : "conf.dataFormatConfig.maxTemplateCacheSize",
        "value" : -1
      }, {
        "name" : "conf.dataFormatConfig.templateCacheTimeoutMs",
        "value" : -1
      }, {
        "name" : "conf.dataFormatConfig.netflowOutputValuesModeDatagram",
        "value" : "RAW_AND_INTERPRETED"
      }, {
        "name" : "conf.dataFormatConfig.maxTemplateCacheSizeDatagram",
        "value" : -1
      }, {
        "name" : "conf.dataFormatConfig.templateCacheTimeoutMsDatagram",
        "value" : -1
      }, {
        "name" : "conf.numberOfThreads",
        "value" : 1
      }, {
        "name" : "conf.spoolingPeriod",
        "value" : 5
      }, {
        "name" : "conf.dataFormatConfig.excelHeader",
        "value" : null
      }, {
        "name" : "conf.dataFormatConfig.preserveRootElement",
        "value" : false
      }, {
        "name" : "conf.dataFormatConfig.multiCharacterFieldDelimiter",
        "value" : "||"
      }, {
        "name" : "conf.dataFormatConfig.multiCharacterLineDelimiter",
        "value" : "${str:unescapeJava('\\\\n')}"
      }, {
        "name" : "conf.dataFormatConfig.basicAuth",
        "value" : null
      }, {
        "name" : "conf.dataFormatConfig.avroSkipUnionIndex",
        "value" : false
      }, {
        "name" : "conf.dataFormatConfig.excelSkipCellsWithNoHeader",
        "value" : false
      }, {
        "name" : "conf.dataFormatConfig.excelReadAllSheets",
        "value" : true
      }, {
        "name" : "conf.dataFormatConfig.excelSheetNames",
        "value" : [ ]
      } ],
      "uiInfo" : {
        "yPos" : 50,
        "rawSource" : {
          "configuration" : [ {
            "name" : "fileName",
            "value" : "/data/nyc_taxi/nyc_taxi_trip_data.csv"
          } ]
        },
        "stageType" : "SOURCE",
        "description" : "Update the folder_path paramter to point to your directory with the source data files",
        "xPos" : 60,
        "label" : "Directory Origin"
      },
      "inputLanes" : [ ],
      "outputLanes" : [ "ab3457912f5d617b209cdc42ae727869bb4697ad" ],
      "eventLanes" : [ ],
      "services" : [ ]
    }, {
      "instanceName" : "d1f4f5139a1fe981adad2a988bf686b065234045",
      "library" : "streamsets-datacollector-basic-lib",
      "stageName" : "com_streamsets_pipeline_stage_processor_selector_SelectorDProcessor",
      "stageVersion" : "1",
      "configuration" : [ {
        "name" : "lanePredicates",
        "value" : [ {
          "outputLane" : "52a6b281f37ec5a7b5a5ccb7982c2b7bd57207ac",
          "predicate" : "${record:value('/payment_type') == 'CRD'}"
        }, {
          "outputLane" : "438407c8c57ad417f3a5dbf15432aa5529b0e446",
          "predicate" : "${record:value('/payment_type') == 'CSH'}"
        }, {
          "outputLane" : "77c9045561f1eb8c8ea3ab2e09a51fa2cf9d943c",
          "predicate" : "default"
        } ]
      }, {
        "name" : "stageRequiredFields",
        "value" : [ "/payment_type" ]
      }, {
        "name" : "stageRecordPreconditions",
        "value" : [ ]
      }, {
        "name" : "stageOnRecordError",
        "value" : "TO_ERROR"
      } ],
      "uiInfo" : {
        "description" : "",
        "yPos" : 140,
        "xPos" : 280,
        "label" : "Cash / Card Selector",
        "stageType" : "PROCESSOR"
      },
      "inputLanes" : [ "ab3457912f5d617b209cdc42ae727869bb4697ad" ],
      "outputLanes" : [ "52a6b281f37ec5a7b5a5ccb7982c2b7bd57207ac", "438407c8c57ad417f3a5dbf15432aa5529b0e446", "77c9045561f1eb8c8ea3ab2e09a51fa2cf9d943c" ],
      "eventLanes" : [ ],
      "services" : [ ]
    }, {
      "instanceName" : "6079bd0b44ecbf31ec3a93f1ce206562758ac471",
      "library" : "streamsets-datacollector-jython_2_7-lib",
      "stageName" : "com_streamsets_pipeline_stage_processor_jython_JythonDProcessor",
      "stageVersion" : "3",
      "configuration" : [ {
        "name" : "processingMode",
        "value" : "BATCH"
      }, {
        "name" : "stageRequiredFields",
        "value" : [ "/credit_card" ]
      }, {
        "name" : "stageRecordPreconditions",
        "value" : [ ]
      }, {
        "name" : "stageOnRecordError",
        "value" : "TO_ERROR"
      }, {
        "name" : "script",
        "value" : "#\n# Sample Jython code\n#\n# Available Objects:\n# \n#  records: an array of records to process, depending on Jython processor\n#           processing mode it may have 1 record or allthe records in the batch.\n#\n#  output.write(record): writes a record to processor output\n#\n#  error.write(record, message): sends a record to error\n#\ntry: \n  for record in records:\n    cc = record.value[' credit_card']\n    if cc == '':\n      error.write(record, \"Payment type was CRD, but credit card was null\")\n      continue\n\n    cc_type = ''\n    if cc.startswith('4'):\n      cc_type = 'Visa'\n    elif cc.startswith(('51','52','53','54','55')):\n      cc_type = 'MasterCard'\n    elif cc.startswith(('34','37')):\n      cc_type = 'AMEX'\n    elif cc.startswith(('300','301','302','303','304','305','36','38')):\n      cc_type = 'Diners Club'\n    elif cc.startswith(('6011','65')):\n      cc_type = 'Discover'\n    elif cc.startswith(('2131','1800','35')):\n      cc_type = 'JCB'\n    else:\n      cc_type = 'Other'\n\n    record.value['credit_card_type'] = cc_type\n    output.write(record)\nexcept Exception as e:\n  error.write(record, e.message)"
      }, {
        "name" : "script",
        "value" : "#\n# Sample Jython code\n#\n# Available Objects:\n# \n#  records: an array of records to process, depending on Jython processor\n#           processing mode it may have 1 record or allthe records in the batch.\n#\n#  output.write(record): writes a record to processor output\n#\n#  error.write(record, message): sends a record to error\n#\ntry: \n  for record in records:\n    cc = str(record.value['credit_card'])\n    if cc == '':\n      error.write(record, \"Payment type was CRD, but credit card was null\")\n      continue\n\n    cc_type = ''\n    if cc.startswith('4'):\n      cc_type = 'Visa'\n    elif cc.startswith(('51','52','53','54','55')):\n      cc_type = 'MasterCard'\n    elif cc.startswith(('34','37')):\n      cc_type = 'AMEX'\n    elif cc.startswith(('300','301','302','303','304','305','36','38')):\n      cc_type = 'Diners Club'\n    elif cc.startswith(('6011','65')):\n      cc_type = 'Discover'\n    elif cc.startswith(('2131','1800','35')):\n      cc_type = 'JCB'\n    else:\n      cc_type = 'Other'\n\n    record.value['credit_card_type'] = cc_type\n    record.value['credit_card'] = cc\n    output.write(record)\nexcept Exception as e:\n  error.write(record, e.message)"
      }, {
        "name" : "script",
        "value" : "#\n# Sample Jython code\n#\n# Available Objects:\n# \n#  records: an array of records to process, depending on Jython processor\n#           processing mode it may have 1 record or allthe records in the batch.\n#\n#  output.write(record): writes a record to processor output\n#\n#  error.write(record, message): sends a record to error\n#\ntry: \n  for record in records:\n    cc = record.value[' credit_card']\n    if cc == '':\n      error.write(record, \"Payment type was CRD, but credit card was null\")\n      continue\n\n    cc_type = ''\n    if cc.startswith('4'):\n      cc_type = 'Visa'\n    elif cc.startswith(('51','52','53','54','55')):\n      cc_type = 'MasterCard'\n    elif cc.startswith(('34','37')):\n      cc_type = 'AMEX'\n    elif cc.startswith(('300','301','302','303','304','305','36','38')):\n      cc_type = 'Diners Club'\n    elif cc.startswith(('6011','65')):\n      cc_type = 'Discover'\n    elif cc.startswith(('2131','1800','35')):\n      cc_type = 'JCB'\n    else:\n      cc_type = 'Other'\n\n    record.value['credit_card_type'] = cc_type\n    output.write(record)\nexcept Exception as e:\n  error.write(record, e.message)"
      }, {
        "name" : "script",
        "value" : "#\n# Sample Jython code\n#\n# Available Objects:\n# \n#  records: an array of records to process, depending on Jython processor\n#           processing mode it may have 1 record or allthe records in the batch.\n#\n#  output.write(record): writes a record to processor output\n#\n#  error.write(record, message): sends a record to error\n#\ntry: \n  for record in records:\n    cc = str(record.value['credit_card'])\n    if cc == '':\n      error.write(record, \"Payment type was CRD, but credit card was null\")\n      continue\n\n    cc_type = ''\n    if cc.startswith('4'):\n      cc_type = 'Visa'\n    elif cc.startswith(('51','52','53','54','55')):\n      cc_type = 'MasterCard'\n    elif cc.startswith(('34','37')):\n      cc_type = 'AMEX'\n    elif cc.startswith(('300','301','302','303','304','305','36','38')):\n      cc_type = 'Diners Club'\n    elif cc.startswith(('6011','65')):\n      cc_type = 'Discover'\n    elif cc.startswith(('2131','1800','35')):\n      cc_type = 'JCB'\n    else:\n      cc_type = 'Other'\n\n    record.value['credit_card_type'] = cc_type\n    record.value['credit_card'] = cc\n    output.write(record)\nexcept Exception as e:\n  error.write(record, e.message)"
      }, {
        "name" : "script",
        "value" : "#\n# Sample Jython code\n#\n# Available Objects:\n# \n#  records: an array of records to process, depending on Jython processor\n#           processing mode it may have 1 record or allthe records in the batch.\n#\n#  output.write(record): writes a record to processor output\n#\n#  error.write(record, message): sends a record to error\n#\ntry: \n  for record in records:\n    cc = record.value['credit_card']\n    if cc == '':\n      error.write(record, \"Payment type was CRD, but credit card was null\")\n      continue\n\n    cc_type = ''\n    if cc.startswith('4'):\n      cc_type = 'Visa'\n    elif cc.startswith(('51','52','53','54','55')):\n      cc_type = 'MasterCard'\n    elif cc.startswith(('34','37')):\n      cc_type = 'AMEX'\n    elif cc.startswith(('300','301','302','303','304','305','36','38')):\n      cc_type = 'Diners Club'\n    elif cc.startswith(('6011','65')):\n      cc_type = 'Discover'\n    elif cc.startswith(('2131','1800','35')):\n      cc_type = 'JCB'\n    else:\n      cc_type = 'Other'\n\n    record.value['credit_card_type'] = cc_type    \n    output.write(record)\nexcept Exception as e:\n  error.write(record, e.message)"
      }, {
        "name" : "initScript",
        "value" : "#\n# Available Objects:\n#\n#  state: a dict that is preserved between invocations of this script. \n#         Useful for caching bits of data e.g. counters.\n#\n#  log.<loglevel>(msg, obj...): use instead of print to send log messages to the log4j log instead of stdout.\n#                               loglevel is any log4j level: e.g. info, error, warn, trace.\n#\n# state['connection'] = Connection().open()"
      }, {
        "name" : "destroyScript",
        "value" : "#\n# Available Objects:\n#\n#  state: a dict that is preserved between invocations of this script. \n#         Useful for caching bits of data e.g. counters.\n#\n#  log.<loglevel>(msg, obj...): use instead of print to send log messages to the log4j log instead of stdout.\n#                               loglevel is any log4j level: e.g. info, error, warn, trace.\n#\n# state['connection'].close()"
      }, {
        "name" : "scriptRecordType",
        "value" : "NATIVE_OBJECTS"
      }, {
        "name" : "userParams",
        "value" : [ ]
      } ],
      "uiInfo" : {
        "description" : "",
        "yPos" : 40,
        "xPos" : 500,
        "label" : "Payment Processor Extractor",
        "stageType" : "PROCESSOR"
      },
      "inputLanes" : [ "52a6b281f37ec5a7b5a5ccb7982c2b7bd57207ac" ],
      "outputLanes" : [ "2b38b490003dedc3f4ec0f5e1260728fa52afa69" ],
      "eventLanes" : [ ],
      "services" : [ ]
    }, {
      "instanceName" : "e22c7c1f84d8b78ebd2e06d032faac43bf5618af",
      "library" : "streamsets-datacollector-basic-lib",
      "stageName" : "com_streamsets_pipeline_stage_processor_expression_ExpressionDProcessor",
      "stageVersion" : "2",
      "configuration" : [ {
        "name" : "expressionProcessorConfigs",
        "value" : [ {
          "fieldToSet" : "/credit_card_type",
          "expression" : "'na'"
        }, {
          "fieldToSet" : "/date_portion",
          "expression" : "${str:substring(record:value('/pickup_datetime'),0,10)}"
        } ]
      }, {
        "name" : "stageRequiredFields",
        "value" : [ ]
      }, {
        "name" : "stageRecordPreconditions",
        "value" : [ ]
      }, {
        "name" : "stageOnRecordError",
        "value" : "TO_ERROR"
      }, {
        "name" : "headerAttributeConfigs",
        "value" : null
      }, {
        "name" : "fieldAttributeConfigs",
        "value" : [ ]
      } ],
      "uiInfo" : {
        "description" : "",
        "yPos" : 170,
        "xPos" : 500,
        "label" : "Unset credit card type",
        "stageType" : "PROCESSOR"
      },
      "inputLanes" : [ "438407c8c57ad417f3a5dbf15432aa5529b0e446" ],
      "outputLanes" : [ "f7bdff3ab483f037662894c27f1ed28754d91918" ],
      "eventLanes" : [ ],
      "services" : [ ]
    }, {
      "instanceName" : "5d1370fca2003e9f6301c1791bc3b2ecbe8c5d7a",
      "library" : "streamsets-datacollector-basic-lib",
      "stageName" : "com_streamsets_pipeline_stage_processor_fieldmask_FieldMaskDProcessor",
      "stageVersion" : "1",
      "configuration" : [ {
        "name" : "fieldMaskConfigs",
        "value" : [ {
          "fields" : [ "/credit_card" ],
          "maskType" : "REGEX",
          "mask" : "",
          "regex" : "(.*)([0-9]{4})",
          "groupsToShow" : "2"
        } ]
      }, {
        "name" : "stageRequiredFields",
        "value" : [ ]
      }, {
        "name" : "stageRecordPreconditions",
        "value" : [ ]
      }, {
        "name" : "stageOnRecordError",
        "value" : "TO_ERROR"
      } ],
      "uiInfo" : {
        "description" : "",
        "yPos" : 40,
        "xPos" : 720,
        "label" : "Credit Card Masker",
        "stageType" : "PROCESSOR"
      },
      "inputLanes" : [ "2b38b490003dedc3f4ec0f5e1260728fa52afa69" ],
      "outputLanes" : [ "2a90aac0e481190f791aa1d1a295b945242c69ed" ],
      "eventLanes" : [ ],
      "services" : [ ]
    }, {
      "instanceName" : "7b72cc858d5d6dc9c6d1c0d2d5e488e11b25c431",
      "library" : "streamsets-datacollector-basic-lib",
      "stageName" : "com_streamsets_pipeline_stage_processor_fieldtypeconverter_FieldTypeConverterDProcessor",
      "stageVersion" : "2",
      "configuration" : [ {
        "name" : "fieldTypeConverterConfigs",
        "value" : [ {
          "fields" : [ "/dropoff_datetime", "/pickup_datetime" ],
          "targetType" : "DATETIME",
          "dataLocale" : "en,US",
          "dateFormat" : "YYYY_MM_DD_HH_MM_SS",
          "otherDateFormat" : "",
          "zonedDateTimeFormat" : "ISO_ZONED_DATE_TIME",
          "otherZonedDateTimeFormat" : ""
        }, {
          "fields" : [ "/fare_amount", "/tip_amount", "/total_amount", "/tolls_amount", "/surcharge", "/mta_tax" ],
          "targetType" : "DOUBLE",
          "dataLocale" : "en,US",
          "dateFormat" : "YYYY_MM_DD",
          "otherDateFormat" : "",
          "zonedDateTimeFormat" : "ISO_ZONED_DATE_TIME",
          "otherZonedDateTimeFormat" : ""
        } ]
      }, {
        "name" : "stageRequiredFields",
        "value" : [ ]
      }, {
        "name" : "stageRecordPreconditions",
        "value" : [ ]
      }, {
        "name" : "stageOnRecordError",
        "value" : "TO_ERROR"
      }, {
        "name" : "convertBy",
        "value" : "BY_FIELD"
      }, {
        "name" : "wholeTypeConverterConfigs",
        "value" : [ ]
      } ],
      "uiInfo" : {
        "description" : "",
        "yPos" : 40,
        "xPos" : 940,
        "label" : "Field Converter",
        "stageType" : "PROCESSOR"
      },
      "inputLanes" : [ "2a90aac0e481190f791aa1d1a295b945242c69ed", "f7bdff3ab483f037662894c27f1ed28754d91918" ],
      "outputLanes" : [ "706129782f7f2013765c592434164b2c18487973" ],
      "eventLanes" : [ ],
      "services" : [ ]
    }, {
      "instanceName" : "e3f4ff0359c55130fa1eeaa4bb921a34c68c4d4d",
      "library" : "streamsets-datacollector-basic-lib",
      "stageName" : "com_streamsets_pipeline_stage_destination_devnull_NullDTarget",
      "stageVersion" : "1",
      "configuration" : [ ],
      "uiInfo" : {
        "description" : "",
        "yPos" : 300,
        "xPos" : 500,
        "label" : "Discard",
        "stageType" : "TARGET"
      },
      "inputLanes" : [ "77c9045561f1eb8c8ea3ab2e09a51fa2cf9d943c" ],
      "outputLanes" : [ ],
      "eventLanes" : [ ],
      "services" : [ ]
    }, {
      "instanceName" : "LocalFS_01",
      "library" : "streamsets-datacollector-basic-lib",
      "stageName" : "com_streamsets_pipeline_stage_destination_localfilesystem_LocalFileSystemDTarget",
      "stageVersion" : "4",
      "configuration" : [ {
        "name" : "configs.uniquePrefix",
        "value" : "sdc-${sdc:id()}"
      }, {
        "name" : "configs.fileNameSuffix",
        "value" : null
      }, {
        "name" : "configs.dirPathTemplateInHeader",
        "value" : false
      }, {
        "name" : "configs.dirPathTemplate",
        "value" : "/tmp/nyctaxi/${YYYY()}-${MM()}-${DD()}-${hh()}"
      }, {
        "name" : "configs.timeZoneID",
        "value" : "UTC"
      }, {
        "name" : "configs.timeDriver",
        "value" : "${time:now()}"
      }, {
        "name" : "configs.maxRecordsPerFile",
        "value" : 0
      }, {
        "name" : "configs.maxFileSize",
        "value" : 0
      }, {
        "name" : "configs.idleTimeout",
        "value" : "${1 * HOURS}"
      }, {
        "name" : "configs.compression",
        "value" : "NONE"
      }, {
        "name" : "configs.otherCompression",
        "value" : null
      }, {
        "name" : "configs.fileType",
        "value" : "TEXT"
      }, {
        "name" : "configs.keyEl",
        "value" : "${uuid()}"
      }, {
        "name" : "configs.lateRecordsLimit",
        "value" : "${1 * HOURS}"
      }, {
        "name" : "configs.rollIfHeader",
        "value" : false
      }, {
        "name" : "configs.rollHeaderName",
        "value" : "roll"
      }, {
        "name" : "configs.lateRecordsAction",
        "value" : "SEND_TO_ERROR"
      }, {
        "name" : "configs.lateRecordsDirPathTemplate",
        "value" : "/tmp/late/${YYYY()}-${MM()}-${DD()}"
      }, {
        "name" : "configs.dataFormat",
        "value" : "JSON"
      }, {
        "name" : "configs.hdfsPermissionCheck",
        "value" : true
      }, {
        "name" : "configs.permissionEL",
        "value" : null
      }, {
        "name" : "configs.skipOldTempFileRecovery",
        "value" : false
      }, {
        "name" : "configs.dataGeneratorFormatConfig.charset",
        "value" : "UTF-8"
      }, {
        "name" : "configs.dataGeneratorFormatConfig.csvFileFormat",
        "value" : "CSV"
      }, {
        "name" : "configs.dataGeneratorFormatConfig.csvHeader",
        "value" : "NO_HEADER"
      }, {
        "name" : "configs.dataGeneratorFormatConfig.csvReplaceNewLines",
        "value" : true
      }, {
        "name" : "configs.dataGeneratorFormatConfig.csvReplaceNewLinesString",
        "value" : " "
      }, {
        "name" : "configs.dataGeneratorFormatConfig.csvCustomDelimiter",
        "value" : "|"
      }, {
        "name" : "configs.dataGeneratorFormatConfig.csvCustomEscape",
        "value" : "\\"
      }, {
        "name" : "configs.dataGeneratorFormatConfig.csvCustomQuote",
        "value" : "\""
      }, {
        "name" : "configs.dataGeneratorFormatConfig.csvQuoteMode",
        "value" : "MINIMAL"
      }, {
        "name" : "configs.dataGeneratorFormatConfig.jsonMode",
        "value" : "MULTIPLE_OBJECTS"
      }, {
        "name" : "configs.dataGeneratorFormatConfig.textFieldPath",
        "value" : "/text"
      }, {
        "name" : "configs.dataGeneratorFormatConfig.textRecordSeparator",
        "value" : "\\n"
      }, {
        "name" : "configs.dataGeneratorFormatConfig.textFieldMissingAction",
        "value" : "ERROR"
      }, {
        "name" : "configs.dataGeneratorFormatConfig.textEmptyLineIfNull",
        "value" : false
      }, {
        "name" : "configs.dataGeneratorFormatConfig.avroSchemaSource",
        "value" : null
      }, {
        "name" : "configs.dataGeneratorFormatConfig.avroSchema",
        "value" : null
      }, {
        "name" : "configs.dataGeneratorFormatConfig.registerSchema",
        "value" : false
      }, {
        "name" : "configs.dataGeneratorFormatConfig.schemaRegistryUrlsForRegistration",
        "value" : [ ]
      }, {
        "name" : "configs.dataGeneratorFormatConfig.schemaRegistryUrls",
        "value" : [ ]
      }, {
        "name" : "configs.dataGeneratorFormatConfig.basicAuthUserInfo",
        "value" : null
      }, {
        "name" : "configs.dataGeneratorFormatConfig.schemaLookupMode",
        "value" : "SUBJECT"
      }, {
        "name" : "configs.dataGeneratorFormatConfig.subject",
        "value" : null
      }, {
        "name" : "configs.dataGeneratorFormatConfig.subjectToRegister",
        "value" : null
      }, {
        "name" : "configs.dataGeneratorFormatConfig.basicAuthUserInfoForRegistration",
        "value" : null
      }, {
        "name" : "configs.dataGeneratorFormatConfig.schemaId",
        "value" : null
      }, {
        "name" : "configs.dataGeneratorFormatConfig.avroCompression",
        "value" : "NULL"
      }, {
        "name" : "configs.dataGeneratorFormatConfig.binaryFieldPath",
        "value" : "/"
      }, {
        "name" : "configs.dataGeneratorFormatConfig.protoDescriptorFile",
        "value" : null
      }, {
        "name" : "configs.dataGeneratorFormatConfig.messageType",
        "value" : null
      }, {
        "name" : "configs.dataGeneratorFormatConfig.fileNameEL",
        "value" : null
      }, {
        "name" : "configs.dataGeneratorFormatConfig.wholeFileExistsAction",
        "value" : "TO_ERROR"
      }, {
        "name" : "configs.dataGeneratorFormatConfig.includeChecksumInTheEvents",
        "value" : false
      }, {
        "name" : "configs.dataGeneratorFormatConfig.checksumAlgorithm",
        "value" : "MD5"
      }, {
        "name" : "configs.dataGeneratorFormatConfig.xmlPrettyPrint",
        "value" : true
      }, {
        "name" : "configs.dataGeneratorFormatConfig.xmlValidateSchema",
        "value" : false
      }, {
        "name" : "configs.dataGeneratorFormatConfig.xmlSchema",
        "value" : null
      }, {
        "name" : "stageOnRecordError",
        "value" : "TO_ERROR"
      }, {
        "name" : "stageRequiredFields",
        "value" : [ ]
      }, {
        "name" : "stageRecordPreconditions",
        "value" : [ ]
      } ],
      "uiInfo" : {
        "yPos" : 40,
        "stageType" : "TARGET",
        "icon" : "localfilesystem.png",
        "description" : "",
        "label" : "Local FS",
        "xPos" : 1160
      },
      "inputLanes" : [ "706129782f7f2013765c592434164b2c18487973" ],
      "outputLanes" : [ ],
      "eventLanes" : [ ],
      "services" : [ ]
    } ],
    "errorStage" : {
      "instanceName" : "com_streamsets_pipeline_stage_destination_devnull_ToErrorNullDTarget_ErrorStage",
      "library" : "streamsets-datacollector-basic-lib",
      "stageName" : "com_streamsets_pipeline_stage_destination_devnull_ToErrorNullDTarget",
      "stageVersion" : "1",
      "configuration" : [ ],
      "uiInfo" : {
        "description" : "",
        "label" : "Error Records - Discard",
        "xPos" : 1523.0150146484375,
        "yPos" : 50,
        "stageType" : "TARGET"
      },
      "inputLanes" : [ ],
      "outputLanes" : [ ],
      "eventLanes" : [ ],
      "services" : [ ]
    },
    "info" : {
      "pipelineId" : "NYCTaxiR7257e5e2-9b88-4a02-b4e0-2ebf56a9afee",
      "title" : "NYC Taxi Ride Payment Type (with Jython)",
      "description" : "https://streamsets.com/documentation/datacollector/latest/help/datacollector/UserGuide/Tutorial/Tutorial-title.html",
      "created" : 1597275228084,
      "lastModified" : 1597280223748,
      "creator" : "rupal@dpmrupal",
      "lastModifier" : "rupal@dpmrupal",
      "lastRev" : "0",
      "uuid" : "d83b52cb-4f23-4d06-b450-ebc24ef29615",
      "valid" : true,
      "metadata" : {
        "labels" : [ "sample_pipeline" ]
      },
      "name" : "NYCTaxiR7257e5e2-9b88-4a02-b4e0-2ebf56a9afee",
      "sdcVersion" : "3.16.0",
      "sdcId" : "5122bb1c-810d-11ea-b2d6-3bc38655039f"
    },
    "metadata" : {
      "labels" : [ "sample_pipeline" ]
    },
    "statsAggregatorStage" : {
      "instanceName" : "WritetoDPMdirectly_StatsAggregatorStage",
      "library" : "streamsets-datacollector-basic-lib",
      "stageName" : "com_streamsets_pipeline_stage_destination_devnull_StatsDpmDirectlyDTarget",
      "stageVersion" : "1",
      "configuration" : [ ],
      "uiInfo" : {
        "description" : "",
        "label" : "Stats Aggregator - Write to DPM directly",
        "xPos" : 1820,
        "yPos" : 50,
        "stageType" : "TARGET"
      },
      "inputLanes" : [ ],
      "outputLanes" : [ ],
      "eventLanes" : [ ],
      "services" : [ ]
    },
    "startEventStages" : [ {
      "instanceName" : "Discard_StartEventStage",
      "library" : "streamsets-datacollector-basic-lib",
      "stageName" : "com_streamsets_pipeline_stage_destination_devnull_ToErrorNullDTarget",
      "stageVersion" : "1",
      "configuration" : [ ],
      "uiInfo" : {
        "description" : "",
        "label" : "Start Event - Discard",
        "xPos" : 1820,
        "yPos" : 50,
        "stageType" : "TARGET"
      },
      "inputLanes" : [ ],
      "outputLanes" : [ ],
      "eventLanes" : [ ],
      "services" : [ ]
    } ],
    "stopEventStages" : [ {
      "instanceName" : "Discard_StopEventStage",
      "library" : "streamsets-datacollector-basic-lib",
      "stageName" : "com_streamsets_pipeline_stage_destination_devnull_ToErrorNullDTarget",
      "stageVersion" : "1",
      "configuration" : [ ],
      "uiInfo" : {
        "description" : "",
        "label" : "Stop Event - Discard",
        "xPos" : 1820,
        "yPos" : 50,
        "stageType" : "TARGET"
      },
      "inputLanes" : [ ],
      "outputLanes" : [ ],
      "eventLanes" : [ ],
      "services" : [ ]
    } ],
    "testOriginStage" : {
      "instanceName" : "com_streamsets_pipeline_stage_devtest_rawdata_RawDataDSource_TestOriginStage",
      "library" : "streamsets-datacollector-dev-lib",
      "stageName" : "com_streamsets_pipeline_stage_devtest_rawdata_RawDataDSource",
      "stageVersion" : "3",
      "configuration" : [ {
        "name" : "rawData",
        "value" : "{\n  \"f1\": \"abc\",\n  \"f2\": \"xyz\",\n  \"f3\": \"lmn\"\n}"
      }, {
        "name" : "stopAfterFirstBatch",
        "value" : false
      }, {
        "name" : "stageOnRecordError",
        "value" : "TO_ERROR"
      }, {
        "name" : "eventData",
        "value" : null
      } ],
      "uiInfo" : {
        "stageType" : "SOURCE",
        "label" : "Test Origin - Dev Raw Data Source"
      },
      "inputLanes" : [ ],
      "outputLanes" : [ "com_streamsets_pipeline_stage_devtest_rawdata_RawDataDSource_TestOriginStageOutputLane1" ],
      "eventLanes" : [ ],
      "services" : [ {
        "service" : "com.streamsets.pipeline.api.service.dataformats.DataFormatParserService",
        "serviceVersion" : 2,
        "configuration" : [ {
          "name" : "displayFormats",
          "value" : "DELIMITED,JSON,LOG,SDC_JSON,TEXT,XML"
        }, {
          "name" : "dataFormat",
          "value" : "JSON"
        }, {
          "name" : "dataFormatConfig.compression",
          "value" : "NONE"
        }, {
          "name" : "dataFormatConfig.filePatternInArchive",
          "value" : "*"
        }, {
          "name" : "dataFormatConfig.charset",
          "value" : "UTF-8"
        }, {
          "name" : "dataFormatConfig.removeCtrlChars",
          "value" : false
        }, {
          "name" : "dataFormatConfig.textMaxLineLen",
          "value" : 1024
        }, {
          "name" : "dataFormatConfig.useCustomDelimiter",
          "value" : false
        }, {
          "name" : "dataFormatConfig.customDelimiter",
          "value" : "\\r\\n"
        }, {
          "name" : "dataFormatConfig.includeCustomDelimiterInTheText",
          "value" : false
        }, {
          "name" : "dataFormatConfig.jsonContent",
          "value" : "MULTIPLE_OBJECTS"
        }, {
          "name" : "dataFormatConfig.jsonMaxObjectLen",
          "value" : 4096
        }, {
          "name" : "dataFormatConfig.csvFileFormat",
          "value" : "CSV"
        }, {
          "name" : "dataFormatConfig.csvHeader",
          "value" : "NO_HEADER"
        }, {
          "name" : "dataFormatConfig.csvAllowExtraColumns",
          "value" : false
        }, {
          "name" : "dataFormatConfig.csvExtraColumnPrefix",
          "value" : "_extra_"
        }, {
          "name" : "dataFormatConfig.csvMaxObjectLen",
          "value" : 1024
        }, {
          "name" : "dataFormatConfig.csvCustomDelimiter",
          "value" : "|"
        }, {
          "name" : "dataFormatConfig.csvCustomEscape",
          "value" : "\\"
        }, {
          "name" : "dataFormatConfig.csvCustomQuote",
          "value" : "\""
        }, {
          "name" : "dataFormatConfig.csvEnableComments",
          "value" : false
        }, {
          "name" : "dataFormatConfig.csvCommentMarker",
          "value" : "#"
        }, {
          "name" : "dataFormatConfig.csvIgnoreEmptyLines",
          "value" : false
        }, {
          "name" : "dataFormatConfig.csvRecordType",
          "value" : "LIST_MAP"
        }, {
          "name" : "dataFormatConfig.csvSkipStartLines",
          "value" : 0
        }, {
          "name" : "dataFormatConfig.parseNull",
          "value" : false
        }, {
          "name" : "dataFormatConfig.nullConstant",
          "value" : "\\\\N"
        }, {
          "name" : "dataFormatConfig.xmlRecordElement",
          "value" : null
        }, {
          "name" : "dataFormatConfig.includeFieldXpathAttributes",
          "value" : false
        }, {
          "name" : "dataFormatConfig.xPathNamespaceContext",
          "value" : [ ]
        }, {
          "name" : "dataFormatConfig.outputFieldAttributes",
          "value" : false
        }, {
          "name" : "dataFormatConfig.xmlMaxObjectLen",
          "value" : 4096
        }, {
          "name" : "dataFormatConfig.logMode",
          "value" : "COMMON_LOG_FORMAT"
        }, {
          "name" : "dataFormatConfig.logMaxObjectLen",
          "value" : 1024
        }, {
          "name" : "dataFormatConfig.retainOriginalLine",
          "value" : false
        }, {
          "name" : "dataFormatConfig.customLogFormat",
          "value" : "%h %l %u %t \"%r\" %>s %b"
        }, {
          "name" : "dataFormatConfig.regex",
          "value" : "^(\\S+) (\\S+) (\\S+) \\[([\\w:/]+\\s[+\\-]\\d{4})\\] \"(\\S+) (\\S+) (\\S+)\" (\\d{3}) (\\d+)"
        }, {
          "name" : "dataFormatConfig.fieldPathsToGroupName",
          "value" : [ {
            "fieldPath" : "/",
            "group" : 1
          } ]
        }, {
          "name" : "dataFormatConfig.grokPatternDefinition",
          "value" : null
        }, {
          "name" : "dataFormatConfig.grokPattern",
          "value" : "%{COMMONAPACHELOG}"
        }, {
          "name" : "dataFormatConfig.onParseError",
          "value" : "ERROR"
        }, {
          "name" : "dataFormatConfig.maxStackTraceLines",
          "value" : 50
        }, {
          "name" : "dataFormatConfig.enableLog4jCustomLogFormat",
          "value" : false
        }, {
          "name" : "dataFormatConfig.log4jCustomLogFormat",
          "value" : "%r [%t] %-5p %c %x - %m%n"
        }, {
          "name" : "dataFormatConfig.avroSchemaSource",
          "value" : null
        }, {
          "name" : "dataFormatConfig.avroSchema",
          "value" : null
        }, {
          "name" : "dataFormatConfig.schemaRegistryUrls",
          "value" : [ ]
        }, {
          "name" : "dataFormatConfig.schemaLookupMode",
          "value" : "SUBJECT"
        }, {
          "name" : "dataFormatConfig.subject",
          "value" : null
        }, {
          "name" : "dataFormatConfig.schemaId",
          "value" : null
        }, {
          "name" : "dataFormatConfig.protoDescriptorFile",
          "value" : null
        }, {
          "name" : "dataFormatConfig.messageType",
          "value" : null
        }, {
          "name" : "dataFormatConfig.isDelimited",
          "value" : false
        }, {
          "name" : "dataFormatConfig.binaryMaxObjectLen",
          "value" : 1024
        }, {
          "name" : "dataFormatConfig.datagramMode",
          "value" : "SYSLOG"
        }, {
          "name" : "dataFormatConfig.typesDbPath",
          "value" : null
        }, {
          "name" : "dataFormatConfig.convertTime",
          "value" : false
        }, {
          "name" : "dataFormatConfig.excludeInterval",
          "value" : false
        }, {
          "name" : "dataFormatConfig.authFilePath",
          "value" : null
        }, {
          "name" : "dataFormatConfig.netflowOutputValuesMode",
          "value" : "RAW_AND_INTERPRETED"
        }, {
          "name" : "dataFormatConfig.maxTemplateCacheSize",
          "value" : -1
        }, {
          "name" : "dataFormatConfig.templateCacheTimeoutMs",
          "value" : -1
        }, {
          "name" : "dataFormatConfig.netflowOutputValuesModeDatagram",
          "value" : "RAW_AND_INTERPRETED"
        }, {
          "name" : "dataFormatConfig.maxTemplateCacheSizeDatagram",
          "value" : -1
        }, {
          "name" : "dataFormatConfig.templateCacheTimeoutMsDatagram",
          "value" : -1
        }, {
          "name" : "dataFormatConfig.wholeFileMaxObjectLen",
          "value" : 8192
        }, {
          "name" : "dataFormatConfig.rateLimit",
          "value" : "-1"
        }, {
          "name" : "dataFormatConfig.verifyChecksum",
          "value" : false
        }, {
          "name" : "dataFormatConfig.excelHeader",
          "value" : null
        }, {
          "name" : "dataFormatConfig.preserveRootElement",
          "value" : false
        } ]
      } ]
    },
    "valid" : true,
    "issues" : {
      "pipelineIssues" : [ ],
      "stageIssues" : { },
      "issueCount" : 0
    },
    "previewable" : false
  },
  "pipelineRules" : {
    "schemaVersion" : 3,
    "version" : 2,
    "metricsRuleDefinitions" : [ {
      "id" : "badRecordsAlertID",
      "alertText" : "High incidence of Bad Records",
      "metricId" : "pipeline.batchErrorRecords.meter",
      "metricType" : "METER",
      "metricElement" : "METER_COUNT",
      "condition" : "${value() > 100}",
      "sendEmail" : false,
      "enabled" : false,
      "timestamp" : 0,
      "valid" : true
    }, {
      "id" : "stageErrorAlertID",
      "alertText" : "High incidence of Error Messages",
      "metricId" : "pipeline.batchErrorMessages.meter",
      "metricType" : "METER",
      "metricElement" : "METER_COUNT",
      "condition" : "${value() > 100}",
      "sendEmail" : false,
      "enabled" : false,
      "timestamp" : 0,
      "valid" : true
    }, {
      "id" : "idleGaugeID",
      "alertText" : "Pipeline is Idle",
      "metricId" : "RuntimeStatsGauge.gauge",
      "metricType" : "GAUGE",
      "metricElement" : "TIME_OF_LAST_RECEIVED_RECORD",
      "condition" : "${time:now() - value() > 120000}",
      "sendEmail" : false,
      "enabled" : false,
      "timestamp" : 0,
      "valid" : true
    }, {
      "id" : "batchTimeAlertID",
      "alertText" : "Batch taking more time to process",
      "metricId" : "RuntimeStatsGauge.gauge",
      "metricType" : "GAUGE",
      "metricElement" : "CURRENT_BATCH_AGE",
      "condition" : "${value() > 200}",
      "sendEmail" : false,
      "enabled" : false,
      "timestamp" : 0,
      "valid" : true
    }, {
      "id" : "memoryLimitAlertID",
      "alertText" : "Memory limit for pipeline exceeded",
      "metricId" : "pipeline.memoryConsumed.counter",
      "metricType" : "COUNTER",
      "metricElement" : "COUNTER_COUNT",
      "condition" : "${value() > (jvm:maxMemoryMB() * 0.65)}",
      "sendEmail" : false,
      "enabled" : false,
      "timestamp" : 0,
      "valid" : true
    } ],
    "dataRuleDefinitions" : [ {
      "id" : "dataRule1439833950093",
      "label" : "Too many inaccurate totals",
      "lane" : "706129782f7f2013765c592434164b2c18487973",
      "samplingPercentage" : 10.0,
      "samplingRecordsToRetain" : 10,
      "condition" : "${record:value('/fare_amount') + record:value('/mta_tax') + record:value('/surcharge') + record:value('/tip_amount') + record:value('/tolls_amount') != record:value('/total_amount')}",
      "alertEnabled" : true,
      "alertText" : "Too many inaccurate totals",
      "thresholdType" : "COUNT",
      "thresholdValue" : "500",
      "minVolume" : 1000,
      "meterEnabled" : true,
      "sendEmail" : false,
      "enabled" : true,
      "timestamp" : 0,
      "valid" : true
    }, {
      "id" : "dataRule1440713888300",
      "label" : "MyFirstRule",
      "lane" : "com_streamsets_pipeline_stage_processor_expression_ExpressionDProcessor1439500225293OutputLane14395002252940",
      "samplingPercentage" : 20.0,
      "samplingRecordsToRetain" : 10,
      "condition" : "${record:value('/fare_amount') > 10}",
      "alertEnabled" : true,
      "alertText" : "Hello Alert",
      "thresholdType" : "COUNT",
      "thresholdValue" : "50",
      "minVolume" : 1000,
      "meterEnabled" : true,
      "sendEmail" : false,
      "enabled" : false,
      "timestamp" : 0,
      "valid" : true
    }, {
      "id" : "dataRule1456867537431",
      "label" : "All",
      "lane" : "com_streamsets_pipeline_stage_processor_expression_ExpressionDProcessor1439500225293OutputLane14395002252940",
      "samplingPercentage" : 5.0,
      "samplingRecordsToRetain" : 10,
      "condition" : "${true}",
      "alertEnabled" : false,
      "alertText" : "",
      "thresholdType" : "COUNT",
      "thresholdValue" : "100",
      "minVolume" : 1000,
      "meterEnabled" : false,
      "sendEmail" : false,
      "enabled" : true,
      "timestamp" : 0,
      "valid" : true
    }, {
      "id" : "dataRule1465257177881",
      "label" : "No credit card",
      "lane" : "52a6b281f37ec5a7b5a5ccb7982c2b7bd57207ac",
      "samplingPercentage" : 35.0,
      "samplingRecordsToRetain" : 10,
      "condition" : "${record:value(\"/' credit_card'\") == \"\"}",
      "alertEnabled" : true,
      "alertText" : "",
      "thresholdType" : "COUNT",
      "thresholdValue" : "100",
      "minVolume" : 1000,
      "meterEnabled" : true,
      "sendEmail" : false,
      "enabled" : false,
      "timestamp" : 0,
      "valid" : true
    } ],
    "driftRuleDefinitions" : [ {
      "id" : "dataDriftRule1508820630237",
      "label" : "drift",
      "lane" : "706129782f7f2013765c592434164b2c18487973",
      "samplingPercentage" : 5.0,
      "samplingRecordsToRetain" : 10,
      "condition" : "${drift:size('/',true)}",
      "alertEnabled" : true,
      "alertText" : "${alert:info()}",
      "meterEnabled" : true,
      "sendEmail" : false,
      "enabled" : true,
      "timestamp" : 0,
      "valid" : true
    } ],
    "uuid" : "75941e96-652a-491e-8eed-0cb49df223d1",
    "configuration" : [ {
      "name" : "webhookConfigs",
      "value" : [ ]
    }, {
      "name" : "emailIDs",
      "value" : [ ]
    } ],
    "configIssues" : [ ],
    "ruleIssues" : [ ]
  },
  "libraryDefinitions" : null
}