{
  "pipelineConfig" : {
    "schemaVersion" : 6,
    "version" : 19,
    "pipelineId" : "MySQLSche60451ff8-2a9e-407f-b0c0-2e942a098d41",
    "title" : "MySQL Schema Replication to Azure Synapse SQL",
    "description" : "",
    "uuid" : "f34c2d6b-4a1e-47f2-8ce7-1664f8e07b51",
    "configuration" : [ {
      "name" : "executionMode",
      "value" : "STANDALONE"
    }, {
      "name" : "edgeHttpUrl",
      "value" : "http://localhost:18633"
    }, {
      "name" : "deliveryGuarantee",
      "value" : "AT_LEAST_ONCE"
    }, {
      "name" : "testOriginStage",
      "value" : "streamsets-datacollector-dev-lib::com_streamsets_pipeline_stage_devtest_rawdata_RawDataDSource::3"
    }, {
      "name" : "startEventStage",
      "value" : "streamsets-datacollector-basic-lib::com_streamsets_pipeline_stage_destination_devnull_ToErrorNullDTarget::1"
    }, {
      "name" : "stopEventStage",
      "value" : "streamsets-datacollector-basic-lib::com_streamsets_pipeline_stage_destination_devnull_ToErrorNullDTarget::1"
    }, {
      "name" : "shouldRetry",
      "value" : true
    }, {
      "name" : "triggerInterval",
      "value" : 2000
    }, {
      "name" : "retryAttempts",
      "value" : -1
    }, {
      "name" : "ludicrousMode",
      "value" : false
    }, {
      "name" : "ludicrousModeInputCount",
      "value" : false
    }, {
      "name" : "advancedErrorHandling",
      "value" : false
    }, {
      "name" : "notifyOnStates",
      "value" : [ "RUN_ERROR", "STOPPED", "FINISHED" ]
    }, {
      "name" : "emailIDs",
      "value" : [ ]
    }, {
      "name" : "constants",
      "value" : [ {
        "key" : "mysql_jdbc_url",
        "value" : "jdbc:mysql://<host>:3306/<database>"
      }, {
        "key" : "mysql_user",
        "value" : "<user>"
      }, {
        "key" : "mysql_password",
        "value" : "<password>"
      }, {
        "key" : "mysql_schema",
        "value" : "<mysql_schema>"
      }, {
        "key" : "azure_synapse_server_name",
        "value" : "<synapse_server>"
      }, {
        "key" : "azure_synapse_database_name",
        "value" : "<syname_database>"
      }, {
        "key" : "azure_synapse_schema",
        "value" : "<syname_schema>"
      }, {
        "key" : "azure_synapse_sql_user",
        "value" : "<syname_sql_user>"
      }, {
        "key" : "azure_synapse_sql_password",
        "value" : "<syname_sql_pwd>"
      }, {
        "key" : "azure_storage_account_name",
        "value" : "<adls_account_name>"
      }, {
        "key" : "azure_storage_container",
        "value" : "<adls_container>"
      }, {
        "key" : "azure_storage_application_id",
        "value" : "${runtime:conf('adls_application_id')}"
      }, {
        "key" : "azure_storage_tenant_id",
        "value" : "<azure_tenant_id>"
      }, {
        "key" : "azure_storage_application_key",
        "value" : "${runtime:conf('adls_application_key')}"
      } ]
    }, {
      "name" : "badRecordsHandling",
      "value" : "streamsets-datacollector-basic-lib::com_streamsets_pipeline_stage_destination_devnull_ToErrorNullDTarget::1"
    }, {
      "name" : "errorRecordPolicy",
      "value" : "ORIGINAL_RECORD"
    }, {
      "name" : "statsAggregatorStage",
      "value" : "streamsets-datacollector-basic-lib::com_streamsets_pipeline_stage_destination_devnull_StatsDpmDirectlyDTarget::1"
    }, {
      "name" : "workerCount",
      "value" : 0
    }, {
      "name" : "clusterSlaveMemory",
      "value" : 2048
    }, {
      "name" : "clusterSlaveJavaOpts",
      "value" : "-XX:+UseConcMarkSweepGC -XX:+UseParNewGC -Dlog4j.debug"
    }, {
      "name" : "clusterLauncherEnv",
      "value" : [ ]
    }, {
      "name" : "mesosDispatcherURL",
      "value" : null
    }, {
      "name" : "logLevel",
      "value" : "INFO"
    }, {
      "name" : "hdfsS3ConfDir",
      "value" : null
    }, {
      "name" : "rateLimit",
      "value" : 0
    }, {
      "name" : "maxRunners",
      "value" : 0
    }, {
      "name" : "shouldCreateFailureSnapshot",
      "value" : true
    }, {
      "name" : "runnerIdleTIme",
      "value" : 60
    }, {
      "name" : "webhookConfigs",
      "value" : [ ]
    }, {
      "name" : "sparkConfigs",
      "value" : [ ]
    }, {
      "name" : "preprocessScript",
      "value" : "/*\nThe following script define a method\nthat increments an integer by 1 \nand registers it as a UDF with \nthe SparkSession, which can be accessed\nusing the variable named \"spark\":\ndef inc(i: Integer): Integer = {\n  i + 1\n}\nspark.udf.register (\"inc\", inc _)\n\n*/"
    }, {
      "name" : "clusterConfig.clusterType",
      "value" : "LOCAL"
    }, {
      "name" : "clusterConfig.sparkMasterUrl",
      "value" : "local[*]"
    }, {
      "name" : "clusterConfig.deployMode",
      "value" : "CLIENT"
    }, {
      "name" : "clusterConfig.hadoopUserName",
      "value" : null
    }, {
      "name" : "clusterConfig.sparkAppName",
      "value" : "${pipeline:title()}"
    }, {
      "name" : "clusterConfig.stagingDir",
      "value" : "/streamsets"
    }, {
      "name" : "clusterConfig.useYarnKerberosKeytab",
      "value" : false
    }, {
      "name" : "clusterConfig.yarnKerberosKeytabSource",
      "value" : "PROPERTIES_FILE"
    }, {
      "name" : "clusterConfig.yarnKerberosKeytab",
      "value" : null
    }, {
      "name" : "clusterConfig.yarnKerberosKeytabBase64Bytes",
      "value" : null
    }, {
      "name" : "clusterConfig.yarnKerberosPrincipal",
      "value" : "name@DOMAIN"
    }, {
      "name" : "clusterConfig.callbackUrl",
      "value" : null
    }, {
      "name" : "databricksConfig.baseUrl",
      "value" : null
    }, {
      "name" : "databricksConfig.credentialType",
      "value" : null
    }, {
      "name" : "databricksConfig.username",
      "value" : null
    }, {
      "name" : "databricksConfig.password",
      "value" : null
    }, {
      "name" : "databricksConfig.token",
      "value" : null
    }, {
      "name" : "databricksConfig.provisionNewCluster",
      "value" : true
    }, {
      "name" : "databricksConfig.clusterId",
      "value" : null
    }, {
      "name" : "databricksConfig.clusterConfig",
      "value" : "{\n    \"num_workers\": 8,\n    \"spark_version\": \"5.3.x-scala2.11\",\n    \"node_type_id\": \"i3.xlarge\"\n}"
    }, {
      "name" : "databricksConfig.terminateCluster",
      "value" : false
    }, {
      "name" : "livyConfig.baseUrl",
      "value" : "https://localhost:30443/gateway/default/livy/v1/"
    }, {
      "name" : "livyConfig.username",
      "value" : null
    }, {
      "name" : "livyConfig.password",
      "value" : null
    }, {
      "name" : "amazonEMRConfig.userRegion",
      "value" : null
    }, {
      "name" : "amazonEMRConfig.userRegionCustom",
      "value" : null
    }, {
      "name" : "amazonEMRConfig.accessKey",
      "value" : null
    }, {
      "name" : "amazonEMRConfig.secretKey",
      "value" : null
    }, {
      "name" : "amazonEMRConfig.s3StagingUri",
      "value" : null
    }, {
      "name" : "amazonEMRConfig.provisionNewCluster",
      "value" : false
    }, {
      "name" : "amazonEMRConfig.clusterId",
      "value" : null
    }, {
      "name" : "amazonEMRConfig.clusterPrefix",
      "value" : null
    }, {
      "name" : "amazonEMRConfig.terminateCluster",
      "value" : false
    }, {
      "name" : "amazonEMRConfig.loggingEnabled",
      "value" : true
    }, {
      "name" : "amazonEMRConfig.s3LogUri",
      "value" : null
    }, {
      "name" : "amazonEMRConfig.enableEMRDebugging",
      "value" : true
    }, {
      "name" : "amazonEMRConfig.serviceRole",
      "value" : "EMR_DefaultRole"
    }, {
      "name" : "amazonEMRConfig.jobFlowRole",
      "value" : "EMR_EC2_DefaultRole"
    }, {
      "name" : "amazonEMRConfig.visibleToAllUsers",
      "value" : true
    }, {
      "name" : "amazonEMRConfig.ec2SubnetId",
      "value" : null
    }, {
      "name" : "amazonEMRConfig.masterSecurityGroup",
      "value" : null
    }, {
      "name" : "amazonEMRConfig.slaveSecurityGroup",
      "value" : null
    }, {
      "name" : "amazonEMRConfig.instanceCount",
      "value" : 2
    }, {
      "name" : "amazonEMRConfig.masterInstanceType",
      "value" : null
    }, {
      "name" : "amazonEMRConfig.masterInstanceTypeCustom",
      "value" : null
    }, {
      "name" : "amazonEMRConfig.slaveInstanceType",
      "value" : null
    }, {
      "name" : "amazonEMRConfig.slaveInstanceTypeCustom",
      "value" : null
    }, {
      "name" : "transformerEMRConfig.userRegion",
      "value" : null
    }, {
      "name" : "transformerEMRConfig.userRegionCustom",
      "value" : null
    }, {
      "name" : "transformerEMRConfig.useIAMRoles",
      "value" : false
    }, {
      "name" : "transformerEMRConfig.accessKey",
      "value" : null
    }, {
      "name" : "transformerEMRConfig.secretKey",
      "value" : null
    }, {
      "name" : "transformerEMRConfig.s3StagingUri",
      "value" : null
    }, {
      "name" : "transformerEMRConfig.provisionNewCluster",
      "value" : false
    }, {
      "name" : "transformerEMRConfig.clusterId",
      "value" : null
    }, {
      "name" : "transformerEMRConfig.emrVersion",
      "value" : null
    }, {
      "name" : "transformerEMRConfig.clusterPrefix",
      "value" : null
    }, {
      "name" : "transformerEMRConfig.terminateCluster",
      "value" : false
    }, {
      "name" : "transformerEMRConfig.loggingEnabled",
      "value" : true
    }, {
      "name" : "transformerEMRConfig.s3LogUri",
      "value" : null
    }, {
      "name" : "transformerEMRConfig.serviceRole",
      "value" : "EMR_DefaultRole"
    }, {
      "name" : "transformerEMRConfig.jobFlowRole",
      "value" : "EMR_EC2_DefaultRole"
    }, {
      "name" : "transformerEMRConfig.visibleToAllUsers",
      "value" : true
    }, {
      "name" : "transformerEMRConfig.ec2SubnetId",
      "value" : null
    }, {
      "name" : "transformerEMRConfig.masterSecurityGroup",
      "value" : null
    }, {
      "name" : "transformerEMRConfig.slaveSecurityGroup",
      "value" : null
    }, {
      "name" : "transformerEMRConfig.serviceAccessSecurityGroup",
      "value" : null
    }, {
      "name" : "transformerEMRConfig.instanceCount",
      "value" : 2
    }, {
      "name" : "transformerEMRConfig.masterInstanceType",
      "value" : null
    }, {
      "name" : "transformerEMRConfig.masterInstanceTypeCustom",
      "value" : null
    }, {
      "name" : "transformerEMRConfig.slaveInstanceType",
      "value" : null
    }, {
      "name" : "transformerEMRConfig.slaveInstanceTypeCustom",
      "value" : null
    }, {
      "name" : "googleCloudCredentialsConfig.projectId",
      "value" : null
    }, {
      "name" : "googleCloudCredentialsConfig.credentialsProvider",
      "value" : "DEFAULT_PROVIDER"
    }, {
      "name" : "googleCloudCredentialsConfig.path",
      "value" : null
    }, {
      "name" : "googleCloudCredentialsConfig.credentialsFileContent",
      "value" : null
    }, {
      "name" : "googleCloudConfig.region",
      "value" : null
    }, {
      "name" : "googleCloudConfig.customRegion",
      "value" : null
    }, {
      "name" : "googleCloudConfig.gcsStagingUri",
      "value" : null
    }, {
      "name" : "googleCloudConfig.create",
      "value" : false
    }, {
      "name" : "googleCloudConfig.clusterPrefix",
      "value" : null
    }, {
      "name" : "googleCloudConfig.version",
      "value" : "1.4-ubuntu18"
    }, {
      "name" : "googleCloudConfig.masterType",
      "value" : null
    }, {
      "name" : "googleCloudConfig.workerType",
      "value" : null
    }, {
      "name" : "googleCloudConfig.networkType",
      "value" : null
    }, {
      "name" : "googleCloudConfig.network",
      "value" : null
    }, {
      "name" : "googleCloudConfig.subnet",
      "value" : null
    }, {
      "name" : "googleCloudConfig.tags",
      "value" : [ ]
    }, {
      "name" : "googleCloudConfig.workerCount",
      "value" : 2
    }, {
      "name" : "googleCloudConfig.clusterName",
      "value" : null
    }, {
      "name" : "googleCloudConfig.terminate",
      "value" : null
    } ],
    "uiInfo" : {
      "displayMode" : "ADVANCED",
      "previewConfig" : {
        "previewSource" : "CONFIGURED_SOURCE",
        "batchSize" : 10,
        "timeout" : 30000,
        "writeToDestinations" : false,
        "executeLifecycleEvents" : false,
        "showHeader" : true,
        "showFieldType" : true,
        "rememberMe" : false
      }
    },
    "fragments" : [ ],
    "stages" : [ {
      "instanceName" : "JDBCMultitableConsumer_01",
      "library" : "streamsets-datacollector-jdbc-lib",
      "stageName" : "com_streamsets_pipeline_stage_origin_jdbc_table_TableJdbcDSource",
      "stageVersion" : "9",
      "configuration" : [ {
        "name" : "tableJdbcConfigBean.tableConfigs",
        "value" : [ {
          "isTablePatternListProvided" : false,
          "tablePattern" : "%",
          "tablePatternList" : [ "" ],
          "overrideDefaultOffsetColumns" : false,
          "offsetColumns" : [ "" ],
          "offsetColumnToInitialOffsetValue" : [ ],
          "enableNonIncremental" : true,
          "partitioningMode" : "DISABLED",
          "partitionSize" : "1000000",
          "maxNumActivePartitions" : -1,
          "schema" : "${mysql_schema}"
        } ]
      }, {
        "name" : "tableJdbcConfigBean.numberOfThreads",
        "value" : 1
      }, {
        "name" : "tableJdbcConfigBean.batchTableStrategy",
        "value" : "SWITCH_TABLES"
      }, {
        "name" : "tableJdbcConfigBean.numberOfBatchesFromRs",
        "value" : -1
      }, {
        "name" : "tableJdbcConfigBean.resultCacheSize",
        "value" : -1
      }, {
        "name" : "tableJdbcConfigBean.timeZoneID",
        "value" : "UTC"
      }, {
        "name" : "tableJdbcConfigBean.quoteChar",
        "value" : "NONE"
      }, {
        "name" : "tableJdbcConfigBean.tableOrderStrategy",
        "value" : "NONE"
      }, {
        "name" : "tableJdbcConfigBean.createJDBCHeaders",
        "value" : true
      }, {
        "name" : "tableJdbcConfigBean.unknownTypeAction",
        "value" : "STOP_PIPELINE"
      }, {
        "name" : "tableJdbcConfigBean.fetchSize",
        "value" : 1000
      }, {
        "name" : "commonSourceConfigBean.queriesPerSecond",
        "value" : "10"
      }, {
        "name" : "commonSourceConfigBean.maxBatchSize",
        "value" : 1000
      }, {
        "name" : "commonSourceConfigBean.maxClobSize",
        "value" : 1000
      }, {
        "name" : "commonSourceConfigBean.maxBlobSize",
        "value" : 1000
      }, {
        "name" : "commonSourceConfigBean.numSQLErrorRetries",
        "value" : 0
      }, {
        "name" : "commonSourceConfigBean.newTableQueryInterval",
        "value" : "${10 * SECONDS}"
      }, {
        "name" : "commonSourceConfigBean.noMoreDataEventDelay",
        "value" : 0
      }, {
        "name" : "commonSourceConfigBean.convertTimestampToString",
        "value" : false
      }, {
        "name" : "hikariConfigBean.connectionString",
        "value" : "${mysql_jdbc_url}"
      }, {
        "name" : "hikariConfigBean.useCredentials",
        "value" : true
      }, {
        "name" : "hikariConfigBean.username",
        "value" : "${mysql_user}"
      }, {
        "name" : "hikariConfigBean.password",
        "value" : "${mysql_password}"
      }, {
        "name" : "hikariConfigBean.driverProperties",
        "value" : [ ]
      }, {
        "name" : "hikariConfigBean.driverClassName",
        "value" : ""
      }, {
        "name" : "hikariConfigBean.connectionTestQuery",
        "value" : null
      }, {
        "name" : "hikariConfigBean.maximumPoolSize",
        "value" : 2
      }, {
        "name" : "hikariConfigBean.minIdle",
        "value" : 1
      }, {
        "name" : "hikariConfigBean.connectionTimeout",
        "value" : "${30 * SECONDS}"
      }, {
        "name" : "hikariConfigBean.idleTimeout",
        "value" : "${10 * MINUTES}"
      }, {
        "name" : "hikariConfigBean.maxLifetime",
        "value" : "${30 * MINUTES}"
      }, {
        "name" : "hikariConfigBean.autoCommit",
        "value" : false
      }, {
        "name" : "hikariConfigBean.readOnly",
        "value" : true
      }, {
        "name" : "hikariConfigBean.initialQuery",
        "value" : null
      }, {
        "name" : "hikariConfigBean.transactionIsolation",
        "value" : "DEFAULT"
      }, {
        "name" : "stageOnRecordError",
        "value" : "TO_ERROR"
      } ],
      "uiInfo" : {
        "yPos" : 50,
        "stageType" : "SOURCE",
        "icon" : "rdbms_multithreaded.png",
        "description" : "",
        "label" : "MySQL",
        "xPos" : 60,
        "displayMode" : "ADVANCED"
      },
      "inputLanes" : [ ],
      "outputLanes" : [ "JDBCMultitableConsumer_01OutputLane16014170874010" ],
      "eventLanes" : [ "JDBCMultitableConsumer_01_EventLane" ],
      "services" : [ ]
    }, {
      "instanceName" : "AzureSynapseSQL_01",
      "library" : "streamsets-datacollector-azure-synapse-lib",
      "stageName" : "com_streamsets_pipeline_stage_destination_datawarehouse_AzureDataWarehouseDTarget",
      "stageVersion" : "1",
      "configuration" : [ {
        "name" : "config.dataWarehouseConfig.server",
        "value" : "${azure_synapse_server_name}"
      }, {
        "name" : "config.dataWarehouseConfig.database",
        "value" : "${azure_synapse_database_name}"
      }, {
        "name" : "config.dataWarehouseConfig.authMethod",
        "value" : "SQL_SERVER_LOGIN"
      }, {
        "name" : "config.dataWarehouseConfig.user",
        "value" : "${azure_synapse_sql_user}"
      }, {
        "name" : "config.dataWarehouseConfig.password",
        "value" : "${azure_synapse_sql_password}"
      }, {
        "name" : "config.dataWarehouseConfig.aadUserId",
        "value" : null
      }, {
        "name" : "config.dataWarehouseConfig.aadPassword",
        "value" : null
      }, {
        "name" : "config.dataWarehouseConfig.governmentAccount",
        "value" : false
      }, {
        "name" : "config.dataWarehouseConfig.connectionPoolSize",
        "value" : 0
      }, {
        "name" : "config.dataWarehouseConfig.tableConfig.schema",
        "value" : "${azure_synapse_schema}"
      }, {
        "name" : "config.dataWarehouseConfig.tableConfig.destinationTable",
        "value" : "${record:attribute('jdbc.tables')}"
      }, {
        "name" : "config.dataWarehouseConfig.tableConfig.autoCreateTable",
        "value" : true
      }, {
        "name" : "config.dataWarehouseConfig.tableConfig.partitionConfig.partitionTable",
        "value" : false
      }, {
        "name" : "config.dataWarehouseConfig.tableConfig.partitionConfig.partitionColumn",
        "value" : null
      }, {
        "name" : "config.dataWarehouseConfig.tableConfig.partitionConfig.partitionBoundaries",
        "value" : [ ]
      }, {
        "name" : "config.dataWarehouseConfig.tableConfig.partitionConfig.partitionBoundaryRange",
        "value" : "LOWER"
      }, {
        "name" : "config.dataWarehouseConfig.tableConfig.dataDriftEnabled",
        "value" : true
      }, {
        "name" : "config.dataWarehouseConfig.tableConfig.alwaysCreateVarcharColumns",
        "value" : false
      }, {
        "name" : "config.dataWarehouseConfig.tableConfig.ignoreMissingFields",
        "value" : true
      }, {
        "name" : "config.dataWarehouseConfig.tableConfig.ignoreFieldsWithInvalidTypes",
        "value" : true
      }, {
        "name" : "config.dataWarehouseConfig.tableConfig.caseInsensitive",
        "value" : true
      }, {
        "name" : "config.azureStage.storageType",
        "value" : "ADLSG2"
      }, {
        "name" : "config.azureStage.accountName",
        "value" : "${azure_storage_account_name}"
      }, {
        "name" : "config.azureStage.storageContainer",
        "value" : "${azure_storage_container}"
      }, {
        "name" : "config.azureStage.adlsAuthMethod",
        "value" : "OAUTH"
      }, {
        "name" : "config.azureStage.clientId",
        "value" : "${azure_storage_application_id}"
      }, {
        "name" : "config.azureStage.tenantId",
        "value" : "${azure_storage_tenant_id}"
      }, {
        "name" : "config.azureStage.clientKey",
        "value" : "${azure_storage_application_key}"
      }, {
        "name" : "config.azureStage.accountKey",
        "value" : null
      }, {
        "name" : "config.azureStage.filePrefix",
        "value" : "tmp/synapse"
      }, {
        "name" : "config.azureStage.purgeDataFile",
        "value" : false
      }, {
        "name" : "config.dataConfigs.rowFieldPath",
        "value" : "/"
      }, {
        "name" : "config.dataConfigs.ignoreFields",
        "value" : null
      }, {
        "name" : "config.dataConfigs.nullValue",
        "value" : null
      }, {
        "name" : "config.dataConfigs.booleanDefault",
        "value" : null
      }, {
        "name" : "config.dataConfigs.numberDefault",
        "value" : null
      }, {
        "name" : "config.dataConfigs.dateDefault",
        "value" : null
      }, {
        "name" : "config.dataConfigs.timeDefault",
        "value" : null
      }, {
        "name" : "config.dataConfigs.dateTimeDefault",
        "value" : null
      }, {
        "name" : "config.dataConfigs.varcharDefault",
        "value" : null
      }, {
        "name" : "config.dataConfigs.binaryDefault",
        "value" : null
      }, {
        "name" : "config.dataConfigs.replaceNewLines",
        "value" : true
      }, {
        "name" : "config.dataConfigs.newLineReplacement",
        "value" : "|"
      }, {
        "name" : "config.dataConfigs.trimSpaces",
        "value" : true
      }, {
        "name" : "config.stagingToDwhConfig.useAlternativeAuthMethod",
        "value" : false
      }, {
        "name" : "config.stagingToDwhConfig.authMethod",
        "value" : "SAS"
      }, {
        "name" : "config.stagingToDwhConfig.sasToken",
        "value" : null
      }, {
        "name" : "config.stagingToDwhConfig.clientId",
        "value" : null
      }, {
        "name" : "config.stagingToDwhConfig.tenantId",
        "value" : null
      }, {
        "name" : "config.stagingToDwhConfig.clientKey",
        "value" : null
      }, {
        "name" : "config.stagingToDwhConfig.sharedKey",
        "value" : null
      }, {
        "name" : "stageRequiredFields",
        "value" : [ ]
      }, {
        "name" : "stageRecordPreconditions",
        "value" : [ ]
      } ],
      "uiInfo" : {
        "yPos" : 50,
        "stageType" : "TARGET",
        "icon" : "azure-synapse.png",
        "description" : "",
        "label" : "Azure Synapse SQL",
        "xPos" : 280,
        "displayMode" : "BASIC"
      },
      "inputLanes" : [ "JDBCMultitableConsumer_01OutputLane16014170874010" ],
      "outputLanes" : [ ],
      "eventLanes" : [ ],
      "services" : [ ]
    }, {
      "instanceName" : "PipelineFinisherExecutor_01",
      "library" : "streamsets-datacollector-basic-lib",
      "stageName" : "com_streamsets_pipeline_stage_executor_finishpipeline_PipelineFinisherDExecutor",
      "stageVersion" : "1",
      "configuration" : [ {
        "name" : "config.resetOffset",
        "value" : false
      }, {
        "name" : "stageOnRecordError",
        "value" : "DISCARD"
      }, {
        "name" : "stageRequiredFields",
        "value" : [ ]
      }, {
        "name" : "stageRecordPreconditions",
        "value" : [ "${record:eventType()=='no-more-data'}" ]
      } ],
      "uiInfo" : {
        "yPos" : 200,
        "stageType" : "EXECUTOR",
        "icon" : "finisher.png",
        "description" : "",
        "label" : "Load complete",
        "xPos" : 280,
        "displayMode" : "ADVANCED"
      },
      "inputLanes" : [ "JDBCMultitableConsumer_01_EventLane" ],
      "outputLanes" : [ ],
      "eventLanes" : [ ],
      "services" : [ ]
    } ],
    "errorStage" : {
      "instanceName" : "errorStageStageInstance",
      "library" : "streamsets-datacollector-basic-lib",
      "stageName" : "com_streamsets_pipeline_stage_destination_devnull_ToErrorNullDTarget",
      "stageVersion" : "1",
      "configuration" : [ ],
      "uiInfo" : {
        "stageType" : "TARGET",
        "label" : "Error -Discard"
      },
      "inputLanes" : [ ],
      "outputLanes" : [ ],
      "eventLanes" : [ ],
      "services" : [ ]
    },
    "info" : {
      "pipelineId" : "MySQLSche60451ff8-2a9e-407f-b0c0-2e942a098d41",
      "title" : "MySQL Schema Replication to Azure Synapse SQL",
      "description" : "",
      "created" : 1602110677320,
      "lastModified" : 1602110852175,
      "creator" : "rupal@dpmrupal",
      "lastModifier" : "rupal@dpmrupal",
      "lastRev" : "0",
      "uuid" : "f34c2d6b-4a1e-47f2-8ce7-1664f8e07b51",
      "valid" : true,
      "metadata" : {
        "labels" : [ "synapse/parameterized" ]
      },
      "name" : "MySQLSche60451ff8-2a9e-407f-b0c0-2e942a098d41",
      "sdcVersion" : "3.18.1-0024",
      "sdcId" : "686b57ba-ff90-11ea-81f8-33188f733590"
    },
    "metadata" : {
      "labels" : [ "synapse/parameterized" ]
    },
    "statsAggregatorStage" : {
      "instanceName" : "statsAggregatorStageInstance",
      "library" : "streamsets-datacollector-basic-lib",
      "stageName" : "com_streamsets_pipeline_stage_destination_devnull_StatsDpmDirectlyDTarget",
      "stageVersion" : "1",
      "configuration" : [ ],
      "uiInfo" : {
        "stageType" : "TARGET",
        "label" : "Stats Aggregator -Write Directly to Control Hub - statistics are not aggregated across Data Collectors"
      },
      "inputLanes" : [ ],
      "outputLanes" : [ ],
      "eventLanes" : [ ],
      "services" : [ ]
    },
    "startEventStages" : [ {
      "instanceName" : "Discard_StartEventStage",
      "library" : "streamsets-datacollector-basic-lib",
      "stageName" : "com_streamsets_pipeline_stage_destination_devnull_ToErrorNullDTarget",
      "stageVersion" : "1",
      "configuration" : [ ],
      "uiInfo" : {
        "yPos" : 50,
        "stageType" : "TARGET",
        "icon" : "",
        "description" : "",
        "label" : "Start Event - Discard",
        "xPos" : 280
      },
      "inputLanes" : [ ],
      "outputLanes" : [ ],
      "eventLanes" : [ ],
      "services" : [ ]
    } ],
    "stopEventStages" : [ {
      "instanceName" : "Discard_StopEventStage",
      "library" : "streamsets-datacollector-basic-lib",
      "stageName" : "com_streamsets_pipeline_stage_destination_devnull_ToErrorNullDTarget",
      "stageVersion" : "1",
      "configuration" : [ ],
      "uiInfo" : {
        "yPos" : 50,
        "stageType" : "TARGET",
        "icon" : "",
        "description" : "",
        "label" : "Stop Event - Discard",
        "xPos" : 280
      },
      "inputLanes" : [ ],
      "outputLanes" : [ ],
      "eventLanes" : [ ],
      "services" : [ ]
    } ],
    "testOriginStage" : {
      "instanceName" : "com_streamsets_pipeline_stage_devtest_rawdata_RawDataDSource_TestOriginStage",
      "library" : "streamsets-datacollector-dev-lib",
      "stageName" : "com_streamsets_pipeline_stage_devtest_rawdata_RawDataDSource",
      "stageVersion" : "3",
      "configuration" : [ {
        "name" : "rawData",
        "value" : "{\n  \"f1\": \"abc\",\n  \"f2\": \"xyz\",\n  \"f3\": \"lmn\"\n}"
      }, {
        "name" : "stopAfterFirstBatch",
        "value" : false
      }, {
        "name" : "eventData",
        "value" : null
      }, {
        "name" : "stageOnRecordError",
        "value" : "TO_ERROR"
      } ],
      "uiInfo" : {
        "stageType" : "SOURCE",
        "label" : "Test Origin - Dev Raw Data Source"
      },
      "inputLanes" : [ ],
      "outputLanes" : [ "com_streamsets_pipeline_stage_devtest_rawdata_RawDataDSource_TestOriginStageOutputLane1" ],
      "eventLanes" : [ ],
      "services" : [ {
        "service" : "com.streamsets.pipeline.api.service.dataformats.DataFormatParserService",
        "serviceVersion" : 2,
        "configuration" : [ {
          "name" : "displayFormats",
          "value" : "DELIMITED,JSON,LOG,SDC_JSON,TEXT,XML"
        }, {
          "name" : "dataFormat",
          "value" : "JSON"
        }, {
          "name" : "dataFormatConfig.compression",
          "value" : "NONE"
        }, {
          "name" : "dataFormatConfig.filePatternInArchive",
          "value" : "*"
        }, {
          "name" : "dataFormatConfig.charset",
          "value" : "UTF-8"
        }, {
          "name" : "dataFormatConfig.removeCtrlChars",
          "value" : false
        }, {
          "name" : "dataFormatConfig.textMaxLineLen",
          "value" : 1024
        }, {
          "name" : "dataFormatConfig.useCustomDelimiter",
          "value" : false
        }, {
          "name" : "dataFormatConfig.customDelimiter",
          "value" : "\\r\\n"
        }, {
          "name" : "dataFormatConfig.includeCustomDelimiterInTheText",
          "value" : false
        }, {
          "name" : "dataFormatConfig.jsonContent",
          "value" : "MULTIPLE_OBJECTS"
        }, {
          "name" : "dataFormatConfig.jsonMaxObjectLen",
          "value" : 4096
        }, {
          "name" : "dataFormatConfig.csvFileFormat",
          "value" : "CSV"
        }, {
          "name" : "dataFormatConfig.csvHeader",
          "value" : "NO_HEADER"
        }, {
          "name" : "dataFormatConfig.csvAllowExtraColumns",
          "value" : false
        }, {
          "name" : "dataFormatConfig.csvExtraColumnPrefix",
          "value" : "_extra_"
        }, {
          "name" : "dataFormatConfig.csvMaxObjectLen",
          "value" : 1024
        }, {
          "name" : "dataFormatConfig.csvCustomDelimiter",
          "value" : "|"
        }, {
          "name" : "dataFormatConfig.multiCharacterFieldDelimiter",
          "value" : "||"
        }, {
          "name" : "dataFormatConfig.multiCharacterLineDelimiter",
          "value" : "${str:unescapeJava('\\\\n')}"
        }, {
          "name" : "dataFormatConfig.csvCustomEscape",
          "value" : "\\"
        }, {
          "name" : "dataFormatConfig.csvCustomQuote",
          "value" : "\""
        }, {
          "name" : "dataFormatConfig.csvEnableComments",
          "value" : false
        }, {
          "name" : "dataFormatConfig.csvCommentMarker",
          "value" : "#"
        }, {
          "name" : "dataFormatConfig.csvIgnoreEmptyLines",
          "value" : false
        }, {
          "name" : "dataFormatConfig.csvRecordType",
          "value" : "LIST_MAP"
        }, {
          "name" : "dataFormatConfig.csvSkipStartLines",
          "value" : 0
        }, {
          "name" : "dataFormatConfig.parseNull",
          "value" : false
        }, {
          "name" : "dataFormatConfig.nullConstant",
          "value" : "\\\\N"
        }, {
          "name" : "dataFormatConfig.xmlRecordElement",
          "value" : null
        }, {
          "name" : "dataFormatConfig.preserveRootElement",
          "value" : false
        }, {
          "name" : "dataFormatConfig.includeFieldXpathAttributes",
          "value" : false
        }, {
          "name" : "dataFormatConfig.xPathNamespaceContext",
          "value" : [ ]
        }, {
          "name" : "dataFormatConfig.outputFieldAttributes",
          "value" : false
        }, {
          "name" : "dataFormatConfig.xmlMaxObjectLen",
          "value" : 4096
        }, {
          "name" : "dataFormatConfig.logMode",
          "value" : "COMMON_LOG_FORMAT"
        }, {
          "name" : "dataFormatConfig.logMaxObjectLen",
          "value" : 1024
        }, {
          "name" : "dataFormatConfig.retainOriginalLine",
          "value" : false
        }, {
          "name" : "dataFormatConfig.customLogFormat",
          "value" : "%h %l %u %t \"%r\" %>s %b"
        }, {
          "name" : "dataFormatConfig.regex",
          "value" : "^(\\S+) (\\S+) (\\S+) \\[([\\w:/]+\\s[+\\-]\\d{4})\\] \"(\\S+) (\\S+) (\\S+)\" (\\d{3}) (\\d+)"
        }, {
          "name" : "dataFormatConfig.fieldPathsToGroupName",
          "value" : [ {
            "fieldPath" : "/",
            "group" : 1
          } ]
        }, {
          "name" : "dataFormatConfig.grokPatternDefinition",
          "value" : null
        }, {
          "name" : "dataFormatConfig.grokPattern",
          "value" : "%{COMMONAPACHELOG}"
        }, {
          "name" : "dataFormatConfig.onParseError",
          "value" : "ERROR"
        }, {
          "name" : "dataFormatConfig.maxStackTraceLines",
          "value" : 50
        }, {
          "name" : "dataFormatConfig.enableLog4jCustomLogFormat",
          "value" : false
        }, {
          "name" : "dataFormatConfig.log4jCustomLogFormat",
          "value" : "%r [%t] %-5p %c %x - %m%n"
        }, {
          "name" : "dataFormatConfig.avroSchemaSource",
          "value" : null
        }, {
          "name" : "dataFormatConfig.avroSchema",
          "value" : null
        }, {
          "name" : "dataFormatConfig.schemaRegistryUrls",
          "value" : [ ]
        }, {
          "name" : "dataFormatConfig.basicAuth",
          "value" : null
        }, {
          "name" : "dataFormatConfig.schemaLookupMode",
          "value" : "SUBJECT"
        }, {
          "name" : "dataFormatConfig.subject",
          "value" : null
        }, {
          "name" : "dataFormatConfig.schemaId",
          "value" : null
        }, {
          "name" : "dataFormatConfig.avroSkipUnionIndex",
          "value" : false
        }, {
          "name" : "dataFormatConfig.protoDescriptorFile",
          "value" : null
        }, {
          "name" : "dataFormatConfig.messageType",
          "value" : null
        }, {
          "name" : "dataFormatConfig.isDelimited",
          "value" : false
        }, {
          "name" : "dataFormatConfig.binaryMaxObjectLen",
          "value" : 1024
        }, {
          "name" : "dataFormatConfig.datagramMode",
          "value" : "SYSLOG"
        }, {
          "name" : "dataFormatConfig.typesDbPath",
          "value" : null
        }, {
          "name" : "dataFormatConfig.convertTime",
          "value" : false
        }, {
          "name" : "dataFormatConfig.excludeInterval",
          "value" : false
        }, {
          "name" : "dataFormatConfig.authFilePath",
          "value" : null
        }, {
          "name" : "dataFormatConfig.netflowOutputValuesMode",
          "value" : "RAW_AND_INTERPRETED"
        }, {
          "name" : "dataFormatConfig.maxTemplateCacheSize",
          "value" : -1
        }, {
          "name" : "dataFormatConfig.templateCacheTimeoutMs",
          "value" : -1
        }, {
          "name" : "dataFormatConfig.netflowOutputValuesModeDatagram",
          "value" : "RAW_AND_INTERPRETED"
        }, {
          "name" : "dataFormatConfig.maxTemplateCacheSizeDatagram",
          "value" : -1
        }, {
          "name" : "dataFormatConfig.templateCacheTimeoutMsDatagram",
          "value" : -1
        }, {
          "name" : "dataFormatConfig.wholeFileMaxObjectLen",
          "value" : 8192
        }, {
          "name" : "dataFormatConfig.rateLimit",
          "value" : "-1"
        }, {
          "name" : "dataFormatConfig.verifyChecksum",
          "value" : false
        }, {
          "name" : "dataFormatConfig.excelHeader",
          "value" : null
        }, {
          "name" : "dataFormatConfig.excelSkipCellsWithNoHeader",
          "value" : false
        }, {
          "name" : "dataFormatConfig.excelReadAllSheets",
          "value" : false
        }, {
          "name" : "dataFormatConfig.excelSheetNames",
          "value" : [ ]
        } ]
      } ]
    },
    "valid" : true,
    "issues" : {
      "pipelineIssues" : [ ],
      "stageIssues" : { },
      "issueCount" : 0
    },
    "previewable" : false
  },
  "pipelineRules" : {
    "schemaVersion" : 3,
    "version" : 2,
    "metricsRuleDefinitions" : [ {
      "id" : "badRecordsAlertID",
      "alertText" : "High incidence of Error Records",
      "metricId" : "pipeline.batchErrorRecords.counter",
      "metricType" : "COUNTER",
      "metricElement" : "COUNTER_COUNT",
      "condition" : "${value() > 100}",
      "sendEmail" : false,
      "enabled" : false,
      "timestamp" : 1601417084179,
      "valid" : true
    }, {
      "id" : "stageErrorAlertID",
      "alertText" : "High incidence of Stage Errors",
      "metricId" : "pipeline.batchErrorMessages.counter",
      "metricType" : "COUNTER",
      "metricElement" : "COUNTER_COUNT",
      "condition" : "${value() > 100}",
      "sendEmail" : false,
      "enabled" : false,
      "timestamp" : 1601417084179,
      "valid" : true
    }, {
      "id" : "idleGaugeID",
      "alertText" : "Pipeline is Idle",
      "metricId" : "RuntimeStatsGauge.gauge",
      "metricType" : "GAUGE",
      "metricElement" : "TIME_OF_LAST_RECEIVED_RECORD",
      "condition" : "${time:now() - value() > 120000}",
      "sendEmail" : false,
      "enabled" : false,
      "timestamp" : 1601417084179,
      "valid" : true
    }, {
      "id" : "batchTimeAlertID",
      "alertText" : "Batch taking more time to process",
      "metricId" : "RuntimeStatsGauge.gauge",
      "metricType" : "GAUGE",
      "metricElement" : "CURRENT_BATCH_AGE",
      "condition" : "${value() > 200}",
      "sendEmail" : false,
      "enabled" : false,
      "timestamp" : 1601417084179,
      "valid" : true
    } ],
    "dataRuleDefinitions" : [ ],
    "driftRuleDefinitions" : [ ],
    "uuid" : "7897aa2a-4035-4b68-8bc3-668b5a447d44",
    "configuration" : [ {
      "name" : "emailIDs",
      "value" : [ ]
    }, {
      "name" : "webhookConfigs",
      "value" : [ ]
    } ],
    "ruleIssues" : [ ],
    "configIssues" : [ ]
  },
  "libraryDefinitions" : null
}